id,asins,brand,categories,colors,dateAdded,name,prices.amountMin,prices.currency
AVpfI-6OLJeJML433P81,"B00YTD3MZE,B00YTD3UGK,B00YTD494M,B00YTD3K2O",Nike,"Sporting Goods,Team Sports,Soccer,Clothing, Shoes & Accessories,Shoes & Cleats,Men",Orange,2016-07-07T19:13:47Z,New Nike Men's Hypervenom Phelon Ii Fg Soccer Cleat Mtlc Red Bronze 13,72.90,USD
AVpfK5sl1cnluZ0-faEP,B005FGLF1M,Medline,"Casual,Men,Scrubs,Home Health Care,Health,Clothing, Shoes & Jewelry,Pants,Clothing",Multi-Colored,2017-01-07T20:44:51Z,Medline Angelstat Reversible Drawstring Scrub Pant,20.99,USD
AVpfCNdwLJeJML4308gO,B00OBQTFKU,Carrera,"Sunglasses,Accessories,Men,Contemporary & Designer,Clothing, Shoes & Jewelry,Sunglasses & Eyewear Accessories,Clothing","Matte Black,Matte Ruthenium,Light Gold,Semi Metallic Brown",2015-10-16T18:52:32Z,Carrera 90/s Sunglasses,87.75,USD
AVpfDlggLJeJML431aAm,"B005CMG9DI,B005962JCW,B009LORWZC",Nike,"Shoes,Clothing, Shoes & Jewelry,Men,Athletic,Fitness & Cross-Training",BlackBlackHyper Jade,2016-03-27T12:10:12Z,Nike Men's Air Griffer Max Ii Training Shoe,114.99,USD
AVpe80tJLJeJML43zBlo,B01CUFJ7HE,Casio,"Clothing, Shoes & Jewelry,Men,Watches,Wrist Watches,Jewelry,Men's Watches",Black,2016-04-15T11:51:49Z,Casio G-shock Mt-g Tough Solar  Mens Watch Mtgs1000v-1acr,1400.0,USD
AVpfE0wp1cnluZ0-dXMe,"B0013GC4FO,B00375A0AA,B006HSCVJW,B001ANI3RI,B00375F5LY",Devon & Jones,"Clothing, Shoes & Jewelry,Clothing,Men's Clothing,Men's Outerwear,All Men's Clothing","Charcoal,Green Leaf,Red,Black,Navy,Cadet",2016-05-21T13:11:40Z,D770 Wintercept Fleece Unisex Vest,55.76,USD
AVpfBfcAilAPnD_xTQU1,B016A2KJ5M,Seiko,"Clothing, Shoes & Jewelry,Men,Watches,Wrist Watches",Black,2016-04-02T14:42:35Z,Seiko Mens 5 Sports Analog Dress Automatic Watch Nwt Snzj05k1,134.11,USD
AVpfCgvhilAPnD_xTnKh,"B00M9CDQTE,B00M9CDQT4",Nike,"All Men's Shoes,Shoes,Men's Shoes,Clothing",BlackSailAtomic OrangeVolt,2015-10-14T03:07:25Z,Nike Flyknit Max Running Men's Shoes Size,155.36,USD
AVpe9uSsilAPnD_xR6xe,"B015USZFLU,B015UT0WZS",Calvin Klein Jeans,"Jeans,Men,Clothing, Shoes & Jewelry,Clothing",Bradford,2016-03-11T00:16:34Z,Calvin Klein Jeans Men's Straight Fit Jean In Bradford,39.99,USD
AVpe8IqS1cnluZ0-aTDC,"B010KPX2RC,B004NZGE8K,B011KDE5WO,B00TT037KW,B00TT02GJK,B00TT030IQ,B00TYW2U4O",Nike,"Athletic,Team Sports,Men,Basketball,Shoes,Clothing, Shoes & Jewelry","Multi,BlackBlackPersian VioletVlt,BlackMultiColorVolt,POISON GREENSEQUOIAVOLTSEQUOIA,BlackMulti Color-Volt,BlackBlack-Persian Violet-Volt,BLACKBRIGHT CRIMSON-ANTHRCT,BlackPersian VioletVoltBlack,BlackCrimson,Poison GreenSequoiaSqVlt,Sport RedObsidian,BlackBright Crimson-Anthracite,BlackBright Crimson,BlackMulti-Color-Volt,Grey,tumbled greyblack-night silver-white,Hot LavaBlackSunset Glow",2016-03-26T17:59:37Z,Men's Kobe X Basketball Shoe,179.95,USD
AVpe6aeW1cnluZ0-Zq8r,B0194LWHEC,Timex,"Watches,Women's Watches,Jewelry,Clothing, Shoes & Jewelry,Men,Wrist Watches","Silver,Two-Tone",2016-03-30T17:19:33Z,"Timex Men's Easy Reader Watch, Two-tone Stainless Steel Expansion Band",39.92,USD
AVpe9JnSLJeJML43zJMI,"B0168Y347W,B01697SRQG,B0168Y342M,B0193YQZCK",Jordan,"Athletic,Team Sports,Men,Basketball,Shoes,Clothing, Shoes & Jewelry","CHROME-BLACKWHITE-LIGHT GRAPHITE,-BLACKWHITE LT GRAPHITE,WhiteInfrared BlackBright Concord,White Infrared,WhiteInfrared Black,BLACKLT GRAPHITEWHITE,WhiteInfrrd BlkBrght Cncr,BlackWhite-Light Graphite,BlackWhiteLt Graphite",2016-05-17T01:18:19Z,Air 8 Retro Mens Basketball-shoes 305381,59.00,USD
AVpfRcmsilAPnD_xYlZl,B00EPKWS56,Maui Jim,"Accessories,Sunglasses,Men,Women,Shoes,Clothing, Shoes & Jewelry,Sunglasses & Eyewear Accessories","Matte BlackNeutral Grey,Tortoise Matte",2016-05-21T18:12:52Z,Maui Jim Mens Breakers Sunglasses Plastic,229.00,USD
AVpfLQHEilAPnD_xWjmJ,B01595K14A,Healing Hands,"Scrub Bottoms,Uniforms, Work & Safety,Men,Medical,Clothing, Shoes & Jewelry,Clothing","Ceil,Royal,Wine,Galaxy Blue,Navy,Black,Pewter",2016-03-01T16:27:58Z,Healing Hands Blue Label Men's Dylan Cargo Zip Fly Scrub Pant,28.76,USD
AVpfSZOPLJeJML436Ur6,"B00LLY645O,B00LLY63L4",K-Swiss,"Shoes,Clothing, Shoes & Jewelry,Men,Fashion Sneakers",Whitenavy,2016-05-20T14:12:54Z,Men's Express Ltr Athletic,71.50,USD
AVpfG0_R1cnluZ0-eDDf,"B00R2S7YLG,B00U7Z5WS8,B00SJIPNSE,B00R2RJHEY,B00PL9G66M",Helly Hansen,"Athletic,Men,Boating,Shoes,Clothing, Shoes & Jewelry","GreyOrange,Prussian BlueNavyOff,EbonyWasabiLight Grey,BlueWhite",2016-05-21T13:41:58Z,Men's Trysail Boat Shoe,74.99,USD
AVpfS4qVLJeJML436e8l,"B00WVWTGX2,B015YJIKYE,B014RB6NNA,B014RB6CMM,B017JPU8A0,B011JZHEQ2,B005AV0F7M",Vans,"Athletic,Skateboarding,Men,Shoes,Clothing, Shoes & Jewelry","Black,Port RoyalePort,Dalmatians White,Burgundy,Rabbit HoleBlack,beige bleu,Red,DalmatiansWhite,BlackTrue White,Disney DalmatiansWhite,Denim CL Black",2016-04-09T18:18:44Z,Vans Mens Surplus Sk8-hi Reissue Sneaker,46.94,USD
AVpfUH-YLJeJML4365Gc,"B003HC92K2,B003HC92JS,B01CKYAEFO",PowerSox,"Men,Clothing, Shoes & Jewelry,Clothing","White,Black",2015-12-01T00:51:22Z,Men's Powerlites Lo Cut 3 Pack,12.00,USD
AVpfAxAnLJeJML430bcq,B00LUPHAOS,Tissot,"Men,Wrist Watches,Watches,Clothing, Shoes & Jewelry",Stainless Steel,2016-04-15T11:51:30Z,Seastar Chronograph Blue Dial Stainless Steel Mens Watch,457.31,USD
AVpfR9HELJeJML436L5V,B00KWKE5G8,Mountain Hardwear,"Sports,Clothing, Shoes & Jewelry,Men,Accessories,Hats & Caps,Baseball Caps,Clothing",Black,2015-06-20T19:35:28Z,Mountain Hardwear Men's Plasmic Evap Baseball Cap,39.93,USD
AVpfFPni1cnluZ0-dgyL,"B01D9V76BW,B01D5RAMZM",J'colour,"Novelty,Men,Novelty & More,Socks,Clothing, Shoes & Jewelry,Sports,Clothing"," pair blue, pairs blue",2016-05-04T17:09:19Z,Men's Value Soft Colorful Athletic Crew Socks 1-4,10.89,USD
AVpfAqLrLJeJML430ZDH,B01BSVENUC,Canada Weather Gear,"All Men's Clothing,Men's Clothing,Men's Outerwear,Clothing, Shoes & Jewelry,Clothing",Designer Styles,2016-01-02T03:38:40Z,Canada Weather Gear Goose Men's Parka Down Jacket Coat,149.99,USD
AVpe5JNSilAPnD_xQPe5,B00KBM8G0I,Champion,"clothing,Active,Active Pants,Men,Clothing, Shoes & Jewelry",Silver Gray,2015-06-01T12:33:39Z,Champion Men's Retro Fleece Jogger Pant,21.99,USD
AVpe4mRJLJeJML43xdf8,B00OT5I1CQ,Nike,"Clothing,Shoes,Men's Shoes,All Men's Shoes",Black,2015-04-23T11:20:30Z,Nike Men's Bruin Sb Premium Se Skate Shoe,84.9,USD
AVpfM9y01cnluZ0-gFwS,B00DUF7028,Nike,"Sporting Goods,Team Sports,Football,Clothing, Shoes & Accessories,Shoes & Cleats,Men",White,2016-06-20T14:13:02Z,New Nike Huarache 4 Lx Mens Lacrosse Cleats Lax Football - White / Blue,37.80,USD
AVpe-lbQ1cnluZ0-bL24,"B00E5J1SCQ,B00IFDYPRS,B00LNRW7GO",The North Face,"Athletic,Men,Shoes,Clothing, Shoes & Jewelry","BlueGrey,DkshdwgyPwrgrn,ZINC GREYTNF BLACK,Honor BlueValencia Orange,GreyDayglo Yel",2016-05-20T14:18:09Z,Ultra Kilowatt Running Shoe - Men's,59.94,USD
AVpfGGKTLJeJML432SLy,"B005T2FTDW,B002OSQYEW",Craft,"Sports,Clothing, Shoes & Jewelry,Men,Accessories,Hats & Caps",Black,2015-10-14T05:05:36Z,Craft Active Wind Stop Protective Headband,39.99,USD
AVpfF8I7ilAPnD_xUykL,B00QGC993U,Arc'teryx,"Casual,Men,Clothing, Shoes & Jewelry,Pants,Sports,Clothing",Black,2016-03-01T16:40:46Z,Arcteryx Psiphon Ar Pant - Men's,214.34,USD
AVpfA0_01cnluZ0-b-PY,B0044XG6FC,Seiko,"Watches,Clothing, Shoes & Jewelry,Men,Wrist Watches",Multi-Color,2016-04-14T17:40:17Z,Chronograph Sports Mens Watch,137.50,USD
AVpfPpwa1cnluZ0-g-Vp,"B00V9NO9H2,B00K1JNPVG,B00V9NPUPM",DESMIIT,"Men,Swim,Clothing, Shoes & Jewelry,Clothing,Briefs","Pink, Grey,Red,Style Bright Blue, White,Black,Rose red,Style Grey, Red, Black, Navy Blue, Yellow,Blue,Style Green,Navy blue,Style Yellow,Dark Grey,Style White, Blue,Style Blue",2016-02-03T00:56:49Z,Men's Rope Waist Design Swim Briefs,4.69,USD
AVpfCcwo1cnluZ0-cjKh,B00WORE5VC,NDS Wear,"Novelty,Underwear,Novelty & More,Men,Clothing, Shoes & Jewelry,Clothing,Briefs",White-with-Black,2015-12-02T20:28:35Z,Tooloud Mother - Periodic Table Mens Nds Wear Briefs Underwear,18.99,USD
AVpfHTfvLJeJML432rpJ,B00BKQT54A,DANIEL WELLINGTON,"Watches,Clothing, Shoes & Jewelry,Men,Wrist Watches,Men's Watches,Jewelry","White,Multi",2016-04-14T15:46:31Z,"Daniel Wellington Men's Classic Cambridge Red, White, and Blue Nylon White Dial Movement: Quartz",195.0,USD
AVpfP8EvLJeJML435iMD,"B00Q1USIIO,B010QDMIE6",Mountain Hardwear,"Active,Men,Fan Shop,Clothing, Shoes & Jewelry,Active Sweatshirts,Jackets,Sports,Sports & Outdoors,Clothing","Black  Shark,Utility Green,Shark,AmphibianShark,Thunderhead Grey,Phoenix Blue,Dark Compass,Black,Amphibian,Azul  Shark",2015-09-20T20:39:33Z,Mountain Hardwear Men's Monkey Man Grid Ii Jacket,120.00,USD
AVpfFVSf1cnluZ0-diw-,"B00ODEC0HU,B00TDJBI46",Wilson,"Athletic,Tennis,Men,Shoes,Clothing, Shoes & Jewelry,Racquet Sports","WhiteCoalRed,White,AutobahnBlackSolar Lime",2015-12-02T00:16:11Z,Men's Nvision Tennis Shoe,54.95,USD
AVpfMPz_1cnluZ0-f21A,"B00ZBW8AI6,B012COVRJE",Dexter,"Bowling,Athletic,Men,Shoes,Clothing, Shoes & Jewelry,Sports",Black,2015-09-11T12:53:41Z,Dexter Kory Bowling Shoes,58.71,USD
AVpe_pAK1cnluZ0-bjRo,B00YT899OM,Nike,"Athletic,Team Sports,Men,Shoes,Soccer,Clothing, Shoes & Jewelry","Metallic Red Bronze,Black,White,Red BronzeGreen GlowBlack",2016-02-07T13:51:04Z,Men's Nike Hypervenom Phatal Ii (fg) Soccer Cleat,79.95,USD
AVpe_um81cnluZ0-blQS,B0172DV0ZG,Big Dogs,"Underwear,Men,Boxers,Clothing, Shoes & Jewelry,Clothing",Denim,2015-12-02T21:02:17Z,I Am Fartacus Printed Knit Boxers,12.98,USD
AVpe8HZOilAPnD_xRVZZ,"B000BCN5OA,B003XFUKEK",Converse,"Men,Fashion Sneakers,Shoes,Clothing, Shoes & Jewelry,All Men's Shoes,Men's Shoes,Clothing",BLACK MONO,2016-01-21T05:39:09Z,Converse Ct A/s Leather Ox Casual Shoes,48.26,USD
AVpfOVD1LJeJML435AiY,"B013OMKBEK,B013OMKUIM",500 LEVEL,"Sports,Clothing, Shoes & Jewelry,Men,Clothing,Active,Active Hoodies","White,Red,Gray",2015-12-19T01:09:24Z,P.k. Subban Montreal Men's Lace Hoodie P.k. Subban Puck,50.00,USD
AVpe5Jar1cnluZ0-ZMeH,B00V6YC4OY,MG,"Clothing,Novelty,Baseball Caps,Accessories,Men,Novelty & More,Clothing, Shoes & Jewelry,Hats & Caps","Brown,Kelly,Grey,Red",2015-07-12T20:34:05Z,Mg Unisex Low Profile Washed Plaid Cotton Twill Cap-6880,13.0,USD
AVpfRaeJ1cnluZ0-hjWT,"B00E41Y4US,B00E41YES0,B00GHHEY5M,B00E41YJRG",Chaco,"Athletic,Water Shoes,Men,Shoes,Clothing, Shoes & Jewelry","Gunmetal,Chocolate Brown,Steel",2015-12-01T04:03:10Z,Men's Outcross Lace Water Shoe,64.44,USD
AVpe8GoPilAPnD_xRVHg,B001IX88W0,Nixon,"Watches,Clothing, Shoes & Jewelry,Men,Surf, Skate & Street,Wrist Watches",Black,2015-09-20T20:39:51Z,51-30 Chronograph Black Dial Stainless Steel Mens Watch,430.0,USD
AVpfPsViilAPnD_xYAkG,B00YXV03AY,Shimano,"Athletic,Cycling,Men,Shoes,Clothing, Shoes & Jewelry,Sports",Black,2016-03-02T23:44:04Z,Shimano Men's Sh-mw7 Mountain Bike Shoe,189.95,USD
AVpfVVgxLJeJML437R-_,"B01B6JD2TO,B01015LCLO",La Sportiva,"Shoes,Clothing, Shoes & Jewelry,Men,Athletic,Running",Black  Yellow,2016-03-07T05:16:57Z,La Sportiva Men's Akasha Trail Running Shoes,109.16,USD
AVpe7TeQLJeJML43yeeT,"B00S35SHLS,B00S5A8NX8",Nike,"Athletic,Team Sports,Men,Basketball,Shoes,Clothing, Shoes & Jewelry",Brown,2015-10-14T03:06:48Z,Nike Air Python Premium,89.99,USD
AVpfTVqz1cnluZ0-iKmY,"B015PQZW8S,B002SRXQJU,B004FQ4P10,B001CCW2LA,B015PQZV2K,B00VT2Y9KA,B00E4GUWVS,B000SD563K",Nike,"Men,Fashion Sneakers,Shoes,Clothing, Shoes & Jewelry","Multi-Colored,Dark Grey,Blue White,Black  Grey,dark electric blue,Orange-Violet,BLACKRED-WHITE-GOLD,black black black ,White  White-White-White,WHITEDARK GREY-BLACK-BRIGHT CRIMSON,blackblack-wolf gray,BLACKANTHRACITEUNIVERSITY REDCOOL GRE,Grau,BLACKHYPER CRIMSONBLACK,Black Wolf Grey,WhiteWhite-Silver-Dark Grey,WhiteBlackWolf GreyHyper Pink,White,WhiteWhiteSilverDark Grey",2015-12-02T00:19:18Z,Men's Air Max 90 Essential Running Shoe,46.05,USD
AVpe9QZB1cnluZ0-atHs,B0091OL8XY,Sockwell,"Active,Men,Athletic Socks,Clothing, Shoes & Jewelry,Sports,Clothing","Natural,Black,Grey",2015-11-21T22:38:12Z,Sockwell Men's Relaxed Fit Quarter Sock,12.43,USD
AVpfMh7nilAPnD_xW-k2,"B00BU7WUIM,B002O1HYWU,B00BLMVS8Y",Ellie Shoes,"Oxfords,Men,Shoes,Clothing, Shoes & Jewelry","Black,Black w White,multi-colored",2016-05-17T10:02:13Z,"121-fred 1 Spectator Oxford""",26.96,USD
AVpe9MPg1cnluZ0-arqT,B002TUB706,NIXON,"Men,Wrist Watches,Watches,Clothing, Shoes & Jewelry","Black,White,GunmetalBlue,Navy,Matte BlackGold,All GunmetalBlack",2016-03-08T05:52:03Z,Nixon A276-033 Mens Stainless Steel Case and Bracelet Silver Dial Watch,105.00,USD
AVpfFoOqLJeJML432H2j,"B000RKB4K8,B0040JGAE2",Haggar,"clothing,Clothing, Shoes & Jewelry,Men,Shorts,Flat Front","Cadet Blue,Griffin,British Khaki,Iris,Sun,Navy,Black,Taupe,String,Chambray,White,Coronet,Tangerine,Dusk Blue",2014-09-05T10:56:32Z,Haggar Men's Cool 18 Gabardine Hidden Expandable-waist Plain-front Short,14.4,USD
AVpfWV4P1cnluZ0-jIyG,"B00H4YC0EE,B00H5H3AWG,B00H5H2LEO",Hi-Tec,"Men,Hiking Boots,Hiking Shoes,Shoes,Outdoor,Clothing, Shoes & Jewelry,Hiking & Trekking","Taupe  Gold,BoneBrownMustard,Brown",2015-12-02T00:22:13Z,Men's Bandera Low Wp Hiking Boot,35.51,USD
AVpfJjPf1cnluZ0-e9yv,B00TJFPYNU,Invicta,"Watches,Clothing, Shoes & Jewelry,Men,Wrist Watches,Jewelry & Watches,Wristwatches",Gold,2016-03-30T17:21:43Z,Invicta 17643 Men's Coalition Forces Steel Bracelet Chronograph Watch,194.99,USD
AVpe5SwkilAPnD_xQTDs,"B00KGS90IE,B00JBB374U",Wolfbike,"Outdoor Recreation,Sunglasses,Accessories,Men,Clothing, Shoes & Jewelry,Outdoor Clothing,Sports,Sunglasses & Eyewear Accessories,Sports & Outdoors","Black,BLACK-B,Green,Colors,Colorful,Polarised Sunglasses-BlackWhite,NEW red white,White,Blue,Red,Polarised Sunglasses-BlackYellow,Polarised Sunglasses-RedWhite,NEW black blue,NEW black red",2015-12-02T02:48:30Z,Wolfbike Super Anti-pollution Motorcycle Bicycle Cycling Racing Mask Carbon Cloth Bike Ski Half Face Mask Filter City Style,19.99,USD
AVpfG639LJeJML432jdk,B00MG49Z9A,Nike,"Athletic,Team Sports,Men,Soccer,Shoes,Clothing, Shoes & Jewelry",Laser OrangeTotal OrangeVoltViolet,2015-09-20T18:44:37Z,Nike Men's Tiempo Genio Leather Fg Soccer Cleat,59.99,USD
AVpfQGRJLJeJML435lma,B004ZL9B0A,Nike,"Shoes,Clothing, Shoes & Jewelry,Men,Athletic,Team Sports,Basketball","White,Black",2015-11-14T20:00:27Z,Nike Lebron 8 P.s 441946-001 Men's Basketball Shoes,128.99,USD
AVpfAv7zLJeJML430bEv,"B00JLOU5QK,B00HAQXSD8",Apis Footwear,"Men,Sandals,Shoes,Clothing, Shoes & Jewelry",Black,2015-12-01T01:20:36Z,Apis Mt. Emey 9504 - Men's Therapeutic Extra Depth Sandals Leather Velcro,134.95,USD
AVpfLmZTilAPnD_xWrCM,"B00CBU6DMQ,B006AFMYWG",Korkers,"Men,Shoes,Clothing, Shoes & Jewelry,Boots","Gun Metal,Chocolate Chip",2016-01-20T05:19:50Z,Footwear Men's Storm Jack Snow Boot,33.80,USD
AVpfJvClilAPnD_xWDx9,B00LSZPK60,Pearl iZUMi,"Athletic,Men,Running,Shoes,Clothing, Shoes & Jewelry",GreyLimoges,2016-03-08T05:09:33Z,Em Trail N 2,82.35,USD
AVpfW3U-ilAPnD_xaT9i,B00KMC9UGG,TooLoud,"Novelty,Novelty & More,Men,Sweatshirts,Clothing, Shoes & Jewelry,Clothing","AshGray,White",2015-12-09T08:45:19Z,Made In 1923 Sweatshirt,27.95,USD
AVpfG57_ilAPnD_xVG_3,"B01APILI98,B01APILKH8",Design By Humans,"Novelty,Hoodies,Men,Novelty & More,Women,Clothing, Shoes & Jewelry,Clothing","Black,White,Navy,Charcoal",2016-01-18T22:03:07Z,Flowers Women's Graphic Zip Hoodie - Design By Humans,48.00,USD
AVpfOY3HilAPnD_xXlYj,B00S5O2UTW,Nike,"All Men's Shoes,Shoes,Men's Shoes,Clothing",Hoop PurpleUrgent Orange,2015-10-14T03:18:21Z,"Nike Mens Kd Vi Premium what The Kd"" Hoop Purple/urgent Orange 669809-500""",395.0,USD
AVpe4VR91cnluZ0-Y4M1,"B017MZ2TY0,B017LK76HG,B018H0VV0C",Nike,"All Men's Shoes,Shoes,Men's Shoes,Clothing","Dove GreyAnthraciteLt Retro,Off-White",2015-12-25T11:40:48Z,Nike Men's Zoom Stefan Janoski Cnvs Skate Shoe,82.28,USD
AVpfCQLWLJeJML4309dE,"B00809VX1I,B016669WTG,B00WDYGOIS,B00WDYGQ4K",Nike,"Shoes,Clothing, Shoes & Jewelry,Men,Athletic,Team Sports,Basketball","BlackMetallic Silver-Blue Lgn-Volt,BlakMtllc SilverBl LgnVlt,BlackGold",2015-10-14T03:15:34Z,Kobe X Elite Men's Basketball Shoe,159.97,USD
AVpfCJLjilAPnD_xTfFZ,"B01BI0P3ZM,B005ANUGGA",Nike,"Shoes,Clothing, Shoes & Jewelry,Men,Athletic,Racquet Sports,Tennis","White,WhiteTotal CrimsonUniversity RedBlack,WhiteTotal CrimsonBlack",2016-04-02T14:47:39Z,Mens Zoom Vapor 9.5 Tour Tennis Shoes,119.99,USD
AVpfQjEOLJeJML435vP6,B004YD6VUW,Fox Outdoor,"Sports,Clothing, Shoes & Jewelry,Men,Accessories,Hats & Caps,Skullies & Beanies","Black PoliceGold Lettering,Vietnam Vet Black,Army LogoBlack,Israeli ParatrooperBurgundy,Israeli Air ForceNavy,BlackNavy,Army Black,Black Police,US Air Force,Sheriff BrownGold Lettering,Fire DepartmentNavy,US Navy,Navy LogoBlack,Israeli Police,Black Swat,Sheriff Black",2015-12-02T02:41:05Z,Fox Outdoor Products Embroidered Watch Cap,10.95,USD
AVpfHKWzLJeJML432oj8,B002F00D9G,,"Shoes,Shoes & Handbags,Men,Athletic,Fitness & Cross Training,Sandals,Women","Dark BlueWhiteDkblue,BlackWhiteBlack,True BlueWhiteTrue Blue,Black",2016-03-26T17:59:12Z,Adidas Duramo Slide Sandal,19.99,USD
AVpe9d7XilAPnD_xR08-,"B00FY8DIB6,B004Y6R3VU,B00C1DBIP0,B00PKV586A,B004Y6R4MI",Nike,"Sporting Goods,Team Sports,Soccer,Clothing, Shoes & Accessories,Shoes & Cleats,Men",Yellow,2016-04-01T18:57:05Z,New Mens Sz 7 Nike Mercurial Vapor Ix Fg Yellow Fade Orange Soccer Cleats Boots,159.92,USD
AVpfFVceilAPnD_xUlJr,B018W5RLNI,NEONBLOND,"Novelty,Accessories,Novelty & More,Men,Clothing, Shoes & Jewelry,Clothing,Neckties","Chevron Red Green,Christmas Cookies,Wooden holiday decorations,Christmas Town,Red Xmas Sparkels,Winter Berrys",2016-02-26T18:09:42Z,Necktie Airportcode Pnl Pantelleria Christmas Tie Neonblond,28.99,USD
AVpe8S0h1cnluZ0-aWl_,"B00VALFMRO,B00VALFT90,B00VALF61G",Nike,"Clothing, Shoes & Accessories,Team Sports,Men,Soccer,Shoes & Cleats,Sporting Goods",Orange,2016-03-31T23:17:42Z,New Mens 12.5 Nike Tiempo Legend V Ag Acc Laser & Total Orange Soccer Cleats,179.90,USD
AVpe4CzkLJeJML43xPY-,"B00ZC3O308,B00ZC3NR3C,B00VZ5A6JY",GBX,"Men,Oxford & Derby,Shoes,Clothing, Shoes & Jewelry,Boots",Black,2016-04-20T04:56:24Z,Mens Leather Boots Combat Military Style Lace Up Ankle High Zip Shoes,104.99,USD
AVpfJ6WuilAPnD_xWHeI,"B01C66UGDQ,B01C66UGCW,B01C66UGEA,B01C66UGCC",Billionaire Boys Club,"Men,Clothing, Shoes & Jewelry,Clothing","Black,Heather Grey",2016-06-14T22:09:07Z,Billionaire Boys Club Approach Landing Sweatpants Eusp16003,136.00,USD
AVpfDmhGilAPnD_xT-Sh,"B01AZ6835M,B01AZ672D6",Nike,"Athletic,Skateboarding,Men,Shoes,Clothing, Shoes & Jewelry","ObsidianTm RdWhiteMtllc Gld,Red,Medium Grey White",2016-05-22T18:03:07Z,Zoom Stefan Janoski Cnvs Mens Skateboarding-shoes 615957-402_13 - Ocean Fog/white/gum Light Brown/black,58.61,USD
AVpfEBcRilAPnD_xUHu2,"B00DYXLYIC,B00DYXLWOS,B00KR4OKCS,B00DYXM1MU,B0108T2TT2,B00DYXMC42",Vibram,"Athletic,Men,Running,Shoes,Clothing, Shoes & Jewelry","Black  Blue,Black,GreyBlack,BlueBlack",2015-12-02T00:42:56Z,Men's Kso Evo Cross Training Shoe,75.00,USD
AVpe68kC1cnluZ0-Z3bE,"B016L0HR4E,B00L8APWPY",Big Accessories,"Men's Hats,Bags & Accessories,Men's Accessories,Clothing, Shoes & Jewelry","BLACK,BLUE CHAMBRAY,NAVY,Black Chambray,Grey,BlackWhite,NavyWhite",2016-02-14T04:57:54Z,Big Accessories Baseball Cap Ba516 Men's Flat Bill,16.66,USD
AVpfCg061cnluZ0-ckiW,B00S5EIWAS,Nike,"Shoes,Clothing, Shoes & Jewelry,Men,Athletic,Team Sports,Basketball","Black  Sail,Brown",2016-02-06T20:52:13Z,"Kd7 Ext Qs pony Hair"" Men's Basketball Shoes""",109.00,USD
AVpfUX8R1cnluZ0-igr4,B003LVYFUG,,"Clothing,Clothing, Shoes & Jewelry,Men,Surf, Skate & Street,Jeans",Fume,2015-08-17T18:15:03Z,Levi's Men's 527 Slim Bootcut Jean,39.99,USD
AVpfVPRELJeJML437P-H,B005FGJALE,Medline,"Casual,Men,Scrubs,Home Health Care,Health,Clothing, Shoes & Jewelry,Pants,Clothing",Multi-Colored,2017-01-09T20:14:19Z,Medline Angelstat Reversible Drawstring Scrub Pant,19.49,USD
AVpe8SVuLJeJML43y05y,B00WORGRYK,TooLoud,"Novelty,Baseball Caps,Accessories,Novelty & More,Men,Clothing, Shoes & Jewelry,Clothing,Hats & Caps","White,Khaki",2015-12-04T23:35:32Z,Tooloud Mother - Periodic Table Adult Baseball Cap Hat,20.00,USD
AVpe8SpCLJeJML43y0_Q,B019HEQ71U,Plixio,"All Men's Shoes,Shoes,Men's Shoes,Clothing",Brown,2016-11-09T17:16:33Z,1 Piece Wooden Adjustable Shoe Stretcher Mens Size 9-13 Vintage Shaper,12.99,USD
AVpfVEvv1cnluZ0-iuyO,"B006MQEB74,B006MQEAWK,B006MQE0YS",Sansha,"Ballet & Dance,Athletic,Men,Shoes,Clothing, Shoes & Jewelry",Black,2015-09-10T19:39:10Z,Men's T-bojango Tap Shoe,80.00,USD
AVpe5u_xLJeJML43x5SL,B00BKQTD88,Daniel Wellington,"Watches,Clothing, Shoes & Jewelry,Men,Watch Bands,Jewelry & Watches,Wristwatch Bands",Gold,2015-12-01T00:47:10Z,Daniel Wellington Men's Bristol Rose Leather Brown Watch Band 0309dw,65.0,USD
AVpfZNzh1cnluZ0-j_2u,"B013USFBVG,B01C9KITGA",Nike,"Athletic,Men,Shoes,Clothing, Shoes & Jewelry,Golf","WhiteBright CrimsonBlack,ZESTWHITE-WHITE-WHITE-ATOM RED,BirchMint-Smoke-Dark Cinder,ZestWhite-Wheat-Atomic Red,White,BlackBlackWhite,WhitePurple ChalkMetallic PlatinumMint,Midnight NavyPhoto Blue,WhiteWolf GreyBlack,GreyBlue,Electro PurpleVoltBlack,BlackWhite Pink Green,WhiteBlackBright Crimson,Black  White,-LACKWHITE-LCKY GRN-LCKY GRN,Midnight NavyWhitePhoto Blue,WhiteBlackWolf Grey",2016-03-26T17:59:36Z,Men's Lunar Control 4 Golf Shoe,34.95,USD
AVpfAJJEilAPnD_xSxbF,B005FM82HG,Stuhrling Original,"Marketplace,Watches,Clothing, Shoes & Jewelry,Men,Wrist Watches",Silver,2015-07-06T12:16:53Z,Stuhrling Original Men's 'legacy' Automatic Stainless Steel Dress Watch,186.3,USD
AVpfUqZgilAPnD_xZneb,"B008XESD0E,B008XF127O,B00EL46H5S",Five Ten,"Shoes,Clothing, Shoes & Jewelry,Men,Loafers & Slip-Ons","Black,Ocean Depths",2016-05-21T13:34:40Z,Men's Water Tennie Water Shoe,144.00,USD
AVpfIcM9ilAPnD_xVn5U,B0018BGESW,Seirus Innovation,"Accessories,Men,Clothing, Shoes & Jewelry,Sports,Hats & Caps,Balaclavas",Black,2015-01-16T12:31:57Z,Seirus Innovation 2205 Winter Cold Weather Thermax Headliner For Ultimate Head Protection,3.35,USD
AVpfJgVrLJeJML433bF5,B00XASB0Q2,Hugo by Hugo Boss,"Men,Fashion Sneakers,Shoes,Clothing, Shoes & Jewelry",Dark Red,2016-03-10T18:59:17Z,Hugo By Hugo Boss Men's Fucheck Fashion Sneaker,245.00,USD
AVpe_7nKilAPnD_xSsma,"B00VVNGAWW,B00VVNGAHW,B00VVNGAI6",Easy USA,"Athletic,Water Shoes,Men,Shoes,Clothing, Shoes & Jewelry","BlackRoyal,BlackNavy,BlackBlack,BlackGrey",2016-05-21T13:30:11Z,Men's High Top Water Shoes,12.13,USD
AVpfGSPQilAPnD_xU55r,B00OKXKPRG,Deer Stags,"Shoes,Clothing, Shoes & Jewelry,Men,Sandals,All Men's Shoes,Men's Shoes,Clothing",Dark Brown,2015-12-01T00:47:04Z,Deer Stags Mens Aruba Faux Leather Textured Fisherman Sandals,50.0,USD
AVpe3vC2LJeJML43xHGR,"B000TD7J52,B000QV0LCK",Rothco,"Men,Uniforms, Work & Safety,Clothing, Shoes & Jewelry,Sports,Military,Clothing",Grey,2015-11-29T23:14:37Z,Rothco P/t Shorts,6.49,USD
AVpfOGVYLJeJML4347k_,B003YUND7U,,"Loafers & Slip-Ons,Men,Shoes,Clothing, Shoes & Jewelry",khakiespresso,2016-03-26T17:58:43Z,Crocs Men's Walu Loafer,39.00,USD
AVpfPqpAilAPnD_xYAFC,"B00H5AJ3EC,B00DWGTYJC,B00E36W48S,B00EQE5LGY,B003YVENIM",Nike,"Shoes,Clothing, Shoes & Jewelry,Men,Athletic,Team Sports,Basketball",Photo BlueWolf GreyBlack,2016-03-27T12:09:15Z,Nike Hyperdunk 2013 Mens Basketball Shoes 599537-300,74.99,USD
AVpfKYO71cnluZ0-fPRH,B0018OY5X0,Levi's,"Clothing & Accessories,Clothing, Shoes & Jewelry,Men,Clothing,Jeans",Dark Chipped,2015-04-23T10:58:26Z,Levi's Men's 569 Loose Straight-leg Jean,34.99,USD
AVpe6qbb1cnluZ0-Zw3R,B0162W3FII,Jellan,"Novelty,Hoodies,Men,Novelty & More,Clothing, Shoes & Jewelry,Clothing","Brown,Black,Gray,Red,Burgundy,Navy,Green,White,Blue,Pink,Ocean Blue",2015-12-23T21:47:50Z,S-xxl Unisex Pullover Hoodie 13 Colors - Siamese Kitty Astronaut Galaxy 3,36.80,USD
AVpfNn-nilAPnD_xXVN6,B00CP4XFAQ,Stuhrling Original,"Watches,Clothing, Shoes & Jewelry,Men,Wrist Watches",Brown,2016-03-30T17:19:48Z,Stuhrling Original Men's 533.03 Classic Ascot Solei Ultra-slim Watch With Leather Band,345.00,USD
AVpfLDnALJeJML4337n3,B007S3KYIK,Chums,"Home Improvement,Accessories,Sunglasses,Men,Health & Personal Care,Vision Care,Eyeglasses Care,Work Safety Clothing and Equipment,Clothing, Shoes & Jewelry,Sunglasses & Eyewear Accessories,Clothing,Safety Equipment & Gear","Black,Clear",2016-11-02T20:29:58Z,Chums Adjustable Orbiter Sunglass Retainer,12.14,USD
AVpfKBH3LJeJML433l4M,B01CS4CCOC,Inked Creatively,"Novelty,Hoodies,Men,Novelty & More,Clothing, Shoes & Jewelry,Clothing","Royal,Navy,Black",2016-11-21T18:02:59Z,Janette By Day Gamer By Night - Hoodie,39.99,USD
AVpe-7fHilAPnD_xSWVQ,B009AG6NEM,JUSTIN ORIGINAL WORKBOOTS,"Home Improvement,Men's Boots,Men's Work & Safety Shoes,All Men's Shoes,Shoes,Work Safety Clothing and Equipment,Men's Shoes,Clothing",Brown,2017-01-12T06:20:38Z,"Justin Original Workboots Size 8 Steel Toe Work Boots, Men's, Brown, Ee, Wk4921",129.95,USD
AVpfYGlELJeJML438IbI,B01BNSG2TK,Hang Ten,"Men,Clothing, Shoes & Jewelry,Jewelry,Bracelets","Black Double LayerRope,Black BraidedX Accent,BlackWire ID Accent,BurgundyColored Rope,BlackRed Rope,BlackSquare Accent,Black BraidedWave Accent,Black LeatherBraided Accent,BlackSS Buttons,Braided Brown,All Black,BlackWhite",2016-02-26T18:06:25Z,Hang Ten Mens Assorted Genuine Leather Bracelets,19.99,USD
AVpfXL2VLJeJML4372uH,"B0078LDGQE,B00ICO454I,B00ICO4TZI,B00WF8BX4C,B00ICO44A8,B00ICO4VK6",Creative Recreation,"Men,Fashion Sneakers,Shoes,Clothing, Shoes & Jewelry","Grey,Olive,Black,Mushroom,Chocolate,Black Vintage,black twill,Navy Vintage,Red Vintage,CobaltGrey,Black Navy,NavyBlack,Tweed Military,Cork Vintage,Forest Vintage",2015-11-21T22:08:15Z,Creative Recreation Men's Vito Sneaker,39.99,USD
AVpfYEcQ1cnluZ0-jqO-,"B01BP644CC,B01BP64EXQ,B01BP64C88",Inked Creatively,"Novelty,Hoodies,Men,Novelty & More,Clothing, Shoes & Jewelry,Clothing","Navy,Black,Royal",2016-02-17T04:00:09Z,I Might Be Wrong But I Highly Doubt It I'm A Veteran - Hoodie,39.99,USD
AVpfUBxvilAPnD_xZaQw,B017X30Q6E,Carrera,"Sunglasses,Accessories,Men,Contemporary & Designer,Clothing, Shoes & Jewelry,Sunglasses & Eyewear Accessories","Black Dark RutheniumBrown,Havana BlackBlue Avio,Havana Antique GoldBrown",2016-05-31T19:09:32Z,Carrera Men's Double Bar Round Sunglasses,119.00,USD
AVpe4cI2LJeJML43xZev,B005Y7PJGE,Timberland PRO,"Shoes,Clothing, Shoes & Jewelry,Men,Boots,Work & Safety,Industrial & Construction Boots","Brown,Fox Brown",2016-05-17T14:34:41Z,Men's Excave Wellington Soft Toe Work Boot,89.85,USD
AVpe4SIV1cnluZ0-Y28V,B014DVW018,Canada Goose,"Sports,Clothing, Shoes & Jewelry,Novelty & More,Clothing,Novelty,Men,Hoodies","Whiteout,Red,Black,PacificBlue",2016-03-11T23:56:11Z,Canada Goose Brookvale Hoody - Men's,427.50,USD
AVpe9_SZLJeJML43zcpf,B00S7CLGVU,TooLoud,"Novelty,Baseball Caps,Accessories,Men,Novelty & More,Clothing, Shoes & Jewelry,Hats & Caps,Clothing","White,Khaki",2015-09-10T16:06:47Z,Tooloud 90th Birthday Vintage Birth Year 1925 Adult Baseball Cap Hat,20.00,USD
AVpe4QOCLJeJML43xUwZ,B00ZBW28XE,Dexter,"Athletic,Bowling,Men,Shoes,Clothing, Shoes & Jewelry,Sports",BlackAlloy,2015-12-09T16:28:57Z,Dexter Sst 6 Lz Wide Bowling Shoes,159.99,USD
AVpe5J6v1cnluZ0-ZMoa,"B009SPJHXY,B009SPJKTU,B009SPJJ00,B009SPJIG0",Dr. Scholl's,"Men,Socks,Clothing, Shoes & Jewelry,Casual Socks,Clothing","Black,Beige",2016-03-04T19:23:05Z,Dr. Scholl's Men's Unisex Open Toe Surgical Weight Microfiber Firm Support Socks,10.99,USD
AVpe5ONsilAPnD_xQRYG,B01CHLOIEI,Inked Creatively,"Novelty,Hoodies,Novelty & More,Men,Clothing, Shoes & Jewelry,Clothing","Navy,Royal,Black",2016-11-22T18:07:47Z,Keep Calm and Drink Like A Chen. Cool Birthday Gift - Hoodie,39.99,USD
AVpe5cfyilAPnD_xQWwo,B01B5CLOZ6,Hats & Caps Shop,"Accessories,Men,Clothing, Shoes & Jewelry,Hats & Caps","BLK-WT,LBLUE-NVY,WT-BLK,BBERY-BLUE,STON-NVY",2016-11-21T18:07:42Z,Hats & Caps Shop Low Profile | (str) Brushed Canvas Cap - By Thetargetbuys,31.25,USD
AVpfIgicilAPnD_xVpaI,"B016QVUM68,B016QVWV5S",Bewild,"Novelty,Hoodies,Novelty & More,Men,Clothing, Shoes & Jewelry,Clothing","Royal Blue,Black,Red,White,Kelly Green,Heather Grey,Forest Green,Charcoal Grey,Navy Blue",2015-11-07T20:32:37Z,Bewild Brand�� - Get Your Merry On Christmas Adult Hoodie,29.99,USD
AVpfODaSilAPnD_xXeVQ,B00MLDULEY,Florsheim,"Oxfords,Men,Shoes,Clothing, Shoes & Jewelry",Brown Milled,2016-04-05T13:20:55Z,Florsheim Mens Freedom Bike Ox Oxford,99.95,USD
AVpfItFm1cnluZ0-erk5,"B002ETVM0M,B002ETVLZ8,B01BXD66PU",Charles River Apparel,"Men,Jackets & Coats,Clothing, Shoes & Jewelry,Clothing","Black,Neon Green,Red,Chocolate,Forest,Peony Pink,Fuscia,Navy,Maroon,Yellow,New Purple,Jade,Royal,Aqua Marine,Saddle",2016-05-17T06:33:16Z,Pacific Poncho,28.00,USD
AVpfW6LP1cnluZ0-jT-p,B00EDOX4YS,ThisWear,"Novelty,Novelty & More,Men,Sweatshirts,Clothing, Shoes & Jewelry,Clothing","LtBlue,White,Heliconia,Ash,LtPink,Red",2015-12-02T21:52:32Z,Made In 1923 All Original Parts Birthday Distressed Look Crewneck Sweatshirt,29.99,USD
AVpfGRE-LJeJML432Vsl,B00XASA2CA,Hugo by Hugo Boss,"Men,Shoes,Clothing, Shoes & Jewelry",Dark Brown,2016-03-10T18:54:48Z,Hugo By Hugo Boss Men's C-gramonx Monk Strap,124.06,USD
AVpfYlf8ilAPnD_xa056,B00GDGJKGU,Georgia Boot,"Home Improvement,Men's Work & Safety Shoes,Work Safety Clothing and Equipment",Brown,2017-01-22T06:21:54Z,"Georgia Boot Size 10-1/2 Steel Toe Work Boots, Men's, Brown, M, G6633 10.5 M",147.17,USD
AVpfQIb7ilAPnD_xYJ0_,B0191721O0,Panasilk,"Underwear,Men,Bikinis,Clothing, Shoes & Jewelry,Clothing",Multicolor,2016-05-11T21:01:14Z,Mens Silk String Bikini Underwear 2 Pairs In One Economic Pack,65.00,USD
AVpfDFYIilAPnD_xTy34,"B00BLZLL9C,B00BLZLIZE,B00BLZLA6Q",Helly Hansen,"Men,Hiking Boots,Shoes,Outdoor,Clothing, Shoes & Jewelry,Hiking & Trekking",EspressoTaupe GreySperry Gum,2014-11-14T09:18:21Z,Helly Hansen Men's Woodlands Boot,72.86,USD
AVpfSrQAilAPnD_xY-GB,"B011JCZAUW,B016L0OCDS,B00BJM7U0Q,B00L8AHNOC",Big Accessories,"Men's Hats,Bags & Accessories,Men's Accessories,Clothing, Shoes & Jewelry","Urban CamoBlack,BlackBlack,WHITEBLACK,NAVYNAVY,WATER CAMOBLACK,DESERT CAMOBLCK,NAVYGREY,GreyBlack,FOREST CAMOBLCK,OLIVEBLACK,STONEWHITE",2016-02-14T04:56:40Z,Big Accessories Ball Cap Bx025 Surfer Trucker Cap,53.91,USD
AVpfZ-rh1cnluZ0-kNkl,B018W5ZHFC,NEONBLOND,"Novelty,Accessories,Men,Novelty & More,Clothing, Shoes & Jewelry,Neckties,Clothing","Christmas Cookies,Christmas Town,Wooden holiday decorations,Chevron Red Green,Red Xmas Sparkels,Winter Berrys",2016-05-31T19:39:21Z,Necktie Airportcode Sju San Juan Perto Christmas Tie Neonblond,28.99,USD
AVpfIgGPilAPnD_xVpQ5,B0059GLBJ4,Nike,"All Men's Shoes,Shoes,Men's Shoes,Clothing",Red,2015-04-23T11:27:49Z,Nike Free Flyknit Chukka Men  Round Toe Canvas Multi Color Sneakers,170.0,USD
AVpfhDglLJeJML43-meq,"B01C6VLGJE,B01C6VL9SW",Inked Creatively,"Novelty,Hoodies,Novelty & More,Men,Clothing, Shoes & Jewelry,Clothing","Black,Royal,Navy",2016-05-11T13:26:55Z,Proud Mom of A Fisherman - Hoodie,39.99,USD
AVpfAuq0ilAPnD_xS-2f,B00NAGMX1U,So Relative!,"Novelty,Hoodies,Novelty & More,Men,Clothing, Shoes & Jewelry,Clothing",Black,2015-07-09T18:36:28Z,So Relative! The Big Cousin Adult Hooded Sweatshirt,49.99,USD
AVpfDA4YilAPnD_xTxcz,B008V1ZAKU,Under Armour,"Shoes,Clothing, Shoes & Jewelry,Men,Outdoor,Hunting",REALTREE AP-XTRATimber,2015-04-23T11:49:13Z,Under Armour Men's Ua H.a.w. 800g Hunting Boots,169.0,USD
AVpe9MPxLJeJML43zKJD,B00ZYWLUGM,Costume Culture,"Clothing,Clothing, Shoes & Jewelry,Costumes & Accessories,Wigs,Men",Brown,2016-01-13T07:01:29Z,Costume Culture Men's Heartthrob Wig,18.0,USD
AVpfgWDYilAPnD_xc8ra,"B012BWSQU0,B014WBO7MO,B00VZ63MHG,B0149TABYC,B014WBNFJA,B014WBMRAI",Ash City - North End,"Outdoor Recreation,Men,Jackets & Coats,Clothing, Shoes & Jewelry,Outdoor Clothing,Sports & Outdoors,Vests,Clothing","Putty ,Marigold ",2016-05-31T19:39:49Z,North End Men's Full-zip Lightweight Wind Vest,29.22,USD
AVpfL00-ilAPnD_xWv1D,B00W3IKGUQ,Baudio,"Cell,Men,Wrist Watches,Watches,Clothing, Shoes & Jewelry",u black,2015-09-04T19:04:30Z,Acamar 2015 Fashion Health Sport Watch Support Pedometer/ Sleep Monitoring/rest Alarm/drink Alarm/alarm/calendar/stopwatch/calculator,32.99,USD
AVpfjdjA1cnluZ0-m2eS,B00GUDIPG2,Port Authority,"All Men's Clothing,Men's Clothing,Men's Outerwear,Clothing, Shoes & Jewelry,Clothing",Safety YellowBlackReflective,2015-08-25T21:42:25Z,Port Authority J799s Mens Ansi 107 Class 3 Safety Heavyweight Parka Parka,188.99,USD
AVpfQNT71cnluZ0-hKFm,B00JJ33QAK,Nike,"shoes,Clothing,Men's Shoes,All Men's Shoes","GreyRed,Gray",2015-05-11T14:06:36Z,Nike Air Max 95 No-sew Men  Round Toe Synthetic Gray Running Shoe,69.99,USD
AVpfTuy7LJeJML436wkN,B00H89MHK2,Nike,"All Men's Shoes,Shoes,Men's Shoes,Clothing",Hyper CobultBlackVolt,2015-08-22T05:35:17Z,Nike Pegasus+ 31 Men's Shoes Size,72.55,USD
AVpfiFXN1cnluZ0-mbvO,B018W66APM,NEONBLOND,"Novelty,Accessories,Men,Novelty & More,Clothing, Shoes & Jewelry,Neckties,Clothing","Chevron Red Green,Christmas Town,Red Xmas Sparkels,Winter Berrys,Wooden holiday decorations,Christmas Cookies",2016-05-11T21:01:03Z,Necktie Monogram J Mint Green White Chevron Christmas Tie Neonblond,28.99,USD
AVpfwWJM1cnluZ0-qrxL,B00DCUCYKE,Hanwag,"Sports,Clothing, Shoes & Jewelry,Men,Shoes,Outdoor,Hiking & Trekking,Hiking Boots",Brown,2015-09-10T23:57:27Z,Hanwag Men's Horndl Lace Up Boot,380.00,USD
AVpfd3jD1cnluZ0-lO-q,B017GP0OCA,PUMA,"Shoes & Handbags,Shoes,Men,Athletic,Tennis,Men's Casual Shoes,Men's Shoes,Clothing","Black,Blackblack,White,Zinfandel,Black - black,White - white,Red - zinfandel",2016-08-29T21:19:16Z,Puma Mens Court Star Anml Sneakers,48.44,USD
AVpfRSsD1cnluZ0-hgxd,B007JEUTWE,Carhartt,"Uniforms, Work & Safety,Men,Shorts,Work Utility & Safety,Clothing, Shoes & Jewelry,Clothing",Stone,2014-08-22T15:16:14Z,Carhartt Men's Basic Twill Utility Work Short,15.99,USD
AVpfLgg-LJeJML434FYH,"B014EBXTDK,B015J4G9II",Skechers,"Men,Sandals,Shoes,Clothing, Shoes & Jewelry","Black,Black-BLK,Taupe,Chocolate,Olive,Brown",2016-03-30T17:22:29Z,Usa Men's Gander Selmo Fisherman Sandal,36.41,USD
AVpfJnptLJeJML433df5,"B00BFQ3FIM,B008XERZ76",Five Ten,"Climbing,Men,Shoes,Clothing, Shoes & Jewelry,Outdoor",MOCCASYM RED,2015-07-13T14:55:57Z,Five Ten Men's Anasazi Moccasym Climbing Shoe,115.0,USD
AVpfxGFGilAPnD_xh5Rp,"B010B3O3MQ,B010B3IQD8",Z-joyee,"Men,Fashion Sneakers,Shoes,Clothing, Shoes & Jewelry","Silver I,Silver,Gold,Gold I",2015-12-02T21:06:22Z,Unisex Usb Rechargeable Men's Led Sport Shoes Women's Flashing Fashion Sneakers,94.90,USD
AVpfUunQLJeJML437Fat,B012DO1IF6,Nike,"Shoes,Clothing, Shoes & Jewelry,Men,Sandals",GYM REDWHITE,2015-10-14T03:07:06Z,Nike Jordan Men's Jordan Super.fly Team Slide Sandal,26.0,USD
AVpfvZwy1cnluZ0-qbJA,"B00ZKCP26U,B017BVPPYQ,B00ZKCPIN2,B016EWXJ5K",Nike,"Athletic,Men,Running,Shoes,Clothing, Shoes & Jewelry","Blue LagoonBlack-Brave Blue,Bright Crimson,BlackWhiteDark Grey,Wolf GreyBlackRacer BlueSl,BLACKWHITE-DARK GREY,Grey",2016-05-31T03:07:02Z,Nike Air Max 2016 806771-400 Mens Shoes Size: 9 Us,155.05,USD
AVpe4owB1cnluZ0-Y_-1,B00CLUD2YS,Mik,"Home Improvement,Work Safety Clothing and Equipment,Protective Outerwear,Men's Clothing,Men's Work Outerwear,Workwear & Uniforms,Clothing, Shoes & Jewelry,Men's Workwear & Uniforms,Clothing",Yellow,2017-01-17T19:04:36Z,"Mik 35100-s Menx27s Yellow 0.30mm Pvcx2fpolyesterx2fpvc 3-piece Rainsuit With Detachable Hood, Sizex3a S, Fits Che",17.9,USD
AVpfasUU1cnluZ0-kZjJ,"B00UUGJNB6,B00UUGJUT6",RADII,"Shoes,Clothing, Shoes & Jewelry,Men,Fashion Sneakers","White,Blue",2015-11-07T17:12:46Z,Radii Triple White Waxed Pebble Leather Men's High Top Sneakers,110.0,USD
AVpe37qk1cnluZ0-Yt3D,B00MX4DB3E,Deer Stags,"All Men's Shoes,Shoes,Men's Shoes,Clothing,Clothing, Shoes & Jewelry,Men,Loafers & Slip-Ons",Chestnut,2015-10-16T20:13:39Z,Deer Stags Mens Alpen Faux Fur Lining Indoor/outdoor Loafer Slippers,34.95,USD
AVpfbeGyLJeJML439Eer,B00B3SAKI0,Swatch,"Watches,Clothing, Shoes & Jewelry,Men,Wrist Watches,Marketplace",Multi-Color,2016-04-14T17:34:05Z,Irony Race Trophy Black Dial Chronograph Silicone Mens Watch,225.00,USD
AVpfKVeFLJeJML433sn_,B00L2ICZJS,Casio,"Watches,Clothing, Shoes & Jewelry,Women,Wrist Watches,Men's Watches,Jewelry","Black,Orange",2016-04-05T21:39:32Z,Casio G-shock Mens Watch,410.94,USD
AVpfC4ehLJeJML431Kr3,"B00IX9PQRM,B008LLI0AC",Tri-Mountain,"Active & Performance,Men,Jackets & Coats,Shells,Clothing, Shoes & Jewelry,Clothing","Black,Khaki,Red,Yellow Gold,Charcoal,Imperial Blue,Maroon,MAROON  BLACK,Forest green,Olive",2015-10-16T18:36:26Z,Tri-mountain Men's Colorblock Fleece Jacket,39.67,USD
AVpfnAr51cnluZ0-n8Wy,"B01CS4Z2EY,B01CS4Z7VW",Inked Creatively,"Novelty,Hoodies,Novelty & More,Men,Clothing, Shoes & Jewelry,Clothing","Black,Navy,Royal",2016-05-12T03:47:10Z,Memaw By Day Gamer By Night - Hoodie,39.99,USD
AVpfVThWLJeJML437RVs,B005ACMJE8,Weatherproof,"Down & Down Alternative,Men,Jackets & Coats,Clothing, Shoes & Jewelry,Clothing,Men's Jackets & Outerwear","Black  Black,Black Black",2016-06-15T18:01:40Z,Weatherproof - 3-in-1 Systems Jacket - 6086,96.1,USD
AVpfKZmlilAPnD_xWRuP,B00MBB0SXK,Seiko,"Jewelry,Watches,Men's Watches,Clothing, Shoes & Jewelry,Men,Wrist Watches",Blue,2016-03-30T17:21:07Z,Seiko Recraft Automatic Blue Dial Stainless Steel Mens Watch Snkn03,125.0,USD
AVpe60-6ilAPnD_xQ3lk,B0178HBX76,FoxPrint,"Surf, Skate & Street,Men,Fashion Hoodies & Sweatshirts,Clothing, Shoes & Jewelry,Clothing","Heather Graphite,Heather Blue",2015-12-22T21:48:53Z,Fox Men's Measure Crew Sweatshirt,26.99,USD
AVpfKTeNLJeJML433r_c,B002USETW0,Nike,"Sunglasses,Walmart Vision Centers,Health,Accessories,Men,Clothing, Shoes & Jewelry,Sunglasses & Eyewear Accessories,Sports","Violet Red,Blue,Black,Seaspray Framegrey Lenses,Dark Sea",2015-12-03T21:27:54Z,Nike Run X2 S Sunglasses,59.99,USD
AVpfqqGp1cnluZ0-pBSg,"B00MMN9FJU,B00MMN9F36",Otomix,"Shoes,Clothing, Shoes & Jewelry,Men,Athletic,Wrestling",Purple,2015-12-02T00:17:51Z,Purple Stingray Escape Bodybuilding & Wrestling Shoe,109.00,USD
AVpfVZ--LJeJML437TcP,"B00MFVKQ2E,B00MFVKPHU",Nike,"Clothing,Shoes,Men's Shoes,All Men's Shoes,Clothing, Shoes & Jewelry,Men,Athletic,Team Sports,Basketball",Blue,2015-10-16T22:22:28Z,Nike Men's Zoom Hyperrev 2015 Basketball Shoe,130.0,USD
AVpftHcA1cnluZ0-pvzm,"B00CD9IA08,B008LK56NM",Tri-Mountain,"Clothing, Shoes & Accessories,Men's Clothing,Coats & Jackets,Sweats & Hoodies","BlackBlackBlack,BronzeCharcoalCharcoal,ClayCharcoalCharcoal,Imperial BlueNavyNavy,NavyNavyNavy,Slate BlueNavyNavy",2016-02-20T19:40:05Z,Tri-mountain Men's Windproof Side Pockets Fleece Hooded Winter Jacket. 6300,36.50,USD
AVpfjx1ELJeJML43_adR,"B00PKQ5M0W,B0159IL19G",The North Face,"Active,Men,Clothing, Shoes & Jewelry,Active Hoodies,Clothing","Monster Blue Heather,TNF Red Heather,TNF BlackMonster Blue,Papaya Orange,TNF Black,Scallion Green Heather",2015-12-01T00:42:44Z,The North Face Canyonlands Hoodie Mens Jacket,74.8,USD
AVpfqlw8ilAPnD_xgAAf,B00BTC41VW,Mephisto,"Loafers & Slip-Ons,Men,Shoes,Clothing, Shoes & Jewelry","Black Palace,Dark Brown Palace",2016-03-02T19:33:43Z,Mephisto Men's Eric Loafer,297.40,USD
AVpfgpQ9ilAPnD_xdCKZ,B00K5QTZHS,Go All Out Screenprinting,"Novelty,Hoodies,Novelty & More,Men,Clothing, Shoes & Jewelry,Clothing","Safety Green,Red,Black,Gold,Purple,Navy Blue,Royal Blue,Maroon,Oxford,Orange,Chocolate,Forest Green,Irish Green",2015-11-12T01:08:31Z,Adult Made In 1962 All Original Parts Aged To Perfection Sweatshirt Hoodie,25.95,USD
AVpfm2-mLJeJML43AXCo,B013SIY7WW,TIJN,"Accessories,Sunglasses,Men,Clothing, Shoes & Jewelry,Sunglasses & Eyewear Accessories","Striped Grey,Striped Blue",2015-12-02T21:08:33Z,Tijn�� Wayfarer Keyhole Mirrored Sunglasses Sunwear For Men S3200,45.00,USD
AVpfEvta1cnluZ0-dVbn,B00KA7XFTQ,Breda,"Watches,Clothing, Shoes & Jewelry,Men,Wrist Watches",brown,2015-11-09T10:10:18Z,Breda Men's Gold-tone Watch With Leather Band,60.0,USD
AVpe5w44LJeJML43x59u,"B006L6RZKK,B00061TRU2",CTM,"Clothing,Clothing, Shoes & Jewelry,Men,Accessories,Suspenders",Khaki,2015-01-27T16:31:27Z,Ctm�� Mens Elastic Button-end 1 1/2 Inch Stripe Dress Suspenders (tall Available),19.95,USD
AVpft91ZLJeJML43CdWv,"B016KIZHGW,B016KIZMLC",DEKESEN,"Loafers & Slip-Ons,Men,Shoes,Clothing, Shoes & Jewelry","Black,Brown",2016-02-09T11:09:42Z,Dekesen Men's Soft Leather Loafers Slip-ons Shoes,118.90,USD
AVpfpR1iLJeJML43BEwK,B00EDOXBI2,ThisWear,"Novelty,Novelty & More,Men,Sweatshirts,Clothing, Shoes & Jewelry,Clothing","Ash,Red,LtBlue,Heliconia,LtPink,White",2015-12-02T21:27:14Z,90th Birthday Gift Made 1925 Original Distressed Crewneck Sweatshirt,29.99,USD
AVpe3-N_1cnluZ0-Yu2j,B00PXYHKOW,Tag Heuer,"Watches,Clothing, Shoes & Jewelry,Men,Wrist Watches,Wristwatches,Jewelry & Watches","White,Silver",2015-11-07T17:13:49Z,Aquaracer Mens Watch,1074.69,USD
AVpff52kilAPnD_xc0as,"B00B4NUEG2,B00B4NUPGQ,B00B4NUJSU,B00B4NUYXU,B00B4NUVBA",Lupo,"Trunks,Underwear,Men,Clothing, Shoes & Jewelry,Clothing","Gray,White,Red,Crimson",2014-11-14T11:41:58Z,Lupo Men's Forca Striped Sunga Trunk Underwear,23.0,USD
AVpfepxMLJeJML4396dJ,B007GB6N7U,Johnston & Murphy,"Oxfords,Men,Shoes,Clothing, Shoes & Jewelry",Black Italian Calfskin,2016-03-26T18:00:00Z,Johnston & Murphy Men's Larsey Moc Toe Oxford Shoe,134.95,USD
AVpfeuHQilAPnD_xce1z,"B00PHVJ2WO,B00PHVIWJ8",Under Armour Outerwear,"Track & Active Jackets,Active,Men,Clothing, Shoes & Jewelry,Sports,Clothing","Black,GECKO GREENBlack,Legion Blue",2015-12-01T00:48:07Z,Under Armour Outerwear Ua Cold Gear Infrared Turing Hooded Jacket,125.00,USD
AVpe9FIz1cnluZ0-apJE,"B008F063BW,B008F063KS",Nike,"Active,Men,Athletic Socks,Sports & Fitness,Exercise & Fitness,Clothing, Shoes & Jewelry,Sports & Outdoors,Clothing,sports",Blackredwhite,2015-04-03T18:44:31Z,Dri-fit Crew 3 Color L 961,18.87,USD
AVpfM6z_LJeJML434i_P,"B00TOI40S2,B00TOI8QBO",Nike,"All Men's Shoes,Shoes,Men's Shoes,Clothing",DustMetallic Gold-Black-Retro,2015-04-23T11:01:01Z,"Nike Mens Air Jordan 10 Retro 30th lady Liberty"" Dust/metallic Gold 705178-045""",300.0,USD
AVpfD9qPilAPnD_xUGVw,"B004OA6HP4,B005FZQKKE,B005FZTD9Y,B004OA6I08",Osiris,"Surf, Skate & Street,Athletic,Skateboarding,Men,Shoes,Clothing, Shoes & Jewelry","RedWhite canvas,GreyWhite,BlackWhite Canvas",2015-09-15T22:08:03Z,Osiris Men's 1904 Skate Shoe,27.99,USD
AVpfuGLH1cnluZ0-qC4s,"B015OP7WKQ,B015OP59SS,B018682PFK",Calvin Klein Jeans,"Jeans,Men,Clothing, Shoes & Jewelry,Clothing","New Khaki,Black,Blue Inhibition,Grey Violet",2016-02-03T06:05:38Z,Calvin Klein Jeans Men's Taper 5 Pocket Chino Pant,23.00,USD
AVpfvCehLJeJML43Cxx7,B0168KF0HS,Blundstone,"Braces & Supports,Backpacking Boots,Medicine Cabinet,Men,Health,Shoes,Outdoor,Clothing, Shoes & Jewelry,Hiking & Trekking",Grey Waterproof,2017-01-24T19:05:12Z,Men's Blundstone Metatarsal Guard Gumboot,114.95,USD
AVpflovO1cnluZ0-nhtN,B00130XJ8G,JUSTIN ORIGINAL WORKBOOTS,"Home Improvement,Men's Boots,Men's Work & Safety Shoes,Shoes,Work Safety Clothing and Equipment,Men's Shoes,Clothing",Brown,2017-01-12T06:20:41Z,"Justin Original Workboots Size 8 Steel Toe Work Boots, Men's, Brown, D, 4795",187.73,USD
AVpfp94AilAPnD_xf0PW,B00M1DU9AA,LaCrosse,"Shoes,Clothing, Shoes & Jewelry,Men,Uniforms, Work & Safety,Industrial & Construction,Work Boots",Dark Brown,2016-04-02T15:08:09Z,"Lacrosse 483007 Men's Quad Comfort� 4x8 8 Dark Brown St Boots""",179.95,USD
AVpfsmz-ilAPnD_xgmLi,"B00MH6IB2Y,B00MH6IC8W,B00KA7EEFU,B002VACQY0",Nike,"Athletic,Team Sports,Men,Basketball,Shoes,Clothing, Shoes & Jewelry","University RedBlackMdm Mint,TURBO GREENATOMIC MANGO-NGHTSHD-PURPLE,COURT PURPLEWOLF GREY-VOLT",2016-07-14T18:53:00Z,Men's Zoom Kobe Venomenon 4 Basketball Shoe,85.01,USD
AVpfX8mYilAPnD_xaoq1,"B002RGTEPW,B00HX35Y8U",Jordan,"All Men's Shoes,Shoes,Men's Shoes,Clothing",BlackLegion RedDark GreyWhite,2015-12-01T02:31:46Z,Jordan Aj 1 Mid Gradeschool Kid's Shoes Size,85.0,USD
AVpf19GeLJeJML43EwLl,B015IANRSS,Geoffrey Beene 'Confetti Dot',"Accessories,Men,Clothing, Shoes & Jewelry,Neckties,Clothing","Light Green,Gold,Red",2016-03-10T19:01:12Z,Geoffrey Beene Men's Silk Blend Neck Tie,17.50,USD
AVpfiT2K1cnluZ0-mfxL,"B00020OAMW,B008Y0S3DE,B01BXD673Q",Charles River Apparel,"Clothing,Clothing, Shoes & Jewelry,Men,Jackets & Coats,Lightweight Jackets,Windbreakers","NavyWhite,RedWhite,ForestWhite,PinkWhite,RoyalWhite,BlackRed,NavyGold,NavyRed,BlackWhite,NavyOrange",2016-05-17T01:42:06Z,Men's Classic Striped Pullover Jacket,25.81,USD
AVpfE0WNLJeJML4311jv,B00B2GZI1M,Stuhrling Original,"Men,Wrist Watches,Watches,Clothing, Shoes & Jewelry,Jewelry,Men's Watches",Black,2016-02-03T06:01:01Z,Stuhrling Original Men's 555a.01 Analog Classic Ascot Ii Swiss Quartz Movement Leather Strap Black Watch With Interchangeable Tan Leather Strap,62.95,USD
AVpfLYl51cnluZ0-fkfk,"B009EKE47M,B008BBPQ54,B008BBRVPM,B008BBR38W",Orthofeet,"Men,Shoes,Clothing, Shoes & Jewelry,Boots,All Men's Shoes,Men's Shoes,Clothing",Brown,2016-03-26T17:59:32Z,Men's Orthofeet Asheville,79.95,USD
AVpfrH29LJeJML43BnmF,"B01APHGRZE,B00IRMQQ24",Aqua Sphere,"Athletic,Water Shoes,Men,Shoes,Clothing, Shoes & Jewelry,Sports",BlackBlue,2015-12-02T00:16:50Z,Aqua Sphere Sporter Water Shoes,20.23,USD
AVpfj20HilAPnD_xd_Bt,B0007MCVJO,,"Chukka,Men,Shoes,Clothing, Shoes & Jewelry,Boots",Sand Suede,2015-08-14T22:33:47Z,Clarks Originals Men's Desert Trek Chukka Boot,69.90,USD
AVpfj5E7LJeJML43_cxH,B00BRCGCPM,Dipsters,"Underwear,Boxers,Men,Clothing, Shoes & Jewelry,Clothing,Men's Underwear & Undershirts",Standard,2016-01-11T11:26:56Z,"Dipsters Patientwear, Men's Boxer Shorts, Large",72.0,USD
AVpfc_T1LJeJML439eP2,B00GBN1G4E,Ray-Ban,"Clothing, Shoes & Accessories,Sunglasses,Sunglasses & Fashion Eyewear,Men's Accessories,shoes","CUPPER BROWN,Black",2014-11-12T16:16:41Z,"Ray Ban (rb3510) New Polarized Designer Sunglasses, Most Popular! $ 259.00",81.0,USD
AVpflKA51cnluZ0-nYU5,"B00O3J6KR6,B00HFVMXJI",Tenaya,"Climbing,Men,Shoes,Outdoor,Clothing, Shoes & Jewelry","WhiteYellow,White,WhiteBlue",2015-12-14T13:28:14Z,Tenaya Oasi Climbing Shoes,123.71,USD
AVpful1k1cnluZ0-qMdx,"B00M3ZQ6NA,B00LIM1QYS,B01CJS26VQ",Hi-Tec,"Shoes,Clothing, Shoes & Jewelry,Men,Outdoor,Hiking & Trekking,Hiking Boots","ChocDkTaupeOrange,BrownGold",2015-12-02T02:40:46Z,Men's Skamania Mid Wp Hiking Boot,44.95,USD
AVpfaLt41cnluZ0-kQ0U,"B00Q5LUJSG,B00D9282FQ,B00Q5LUPXA,B00D927Z3Q",Nike,"Shoes,Clothing, Shoes & Jewelry,Men,Athletic,Team Sports,Soccer","Green Strike,Black,BlackBlackWhite,WhiteBright Blue,Wolf GreyGreen StrikeBlkBlk,Green StrikeGreen StrikeBlack,Green StrikeGrn StrkBlkBlk,Wolf Grey,BlackWhite",2016-05-17T01:35:52Z,Tiempo Genio Leather Fg (wolf Grey),42.99,USD
AVpfvO0b1cnluZ0-qYHg,"B0133QU3MM,B002P521C8",Therafirm,"Clothing, Shoes & Jewelry,Men,Uniforms, Work & Safety,Clothing","Black,Sand,Multicoloured",2016-03-30T17:17:25Z,Tf741 Women's 20-30hg Thigh High Open Toe,34.99,USD
AVpe43x3ilAPnD_xQI1w,"B00JRBST9M,B00REJ33U4,B00DKE97SE",Fizik,"Athletic,Cycling,Men,Shoes,Clothing, Shoes & Jewelry,Sports","WhiteWhite Mesh,BlackBlack Mesh",2014-10-21T23:54:47Z,Fizik Men's R1 Uomo Road Cycling Shoes,400.0,USD
AVpfyJ7XLJeJML43Dqug,"B005EVM32I,B005EVQ4BY,B006ZSUJSE,B00LB8K5DW",London Fog,"Clothing,Clothing, Shoes & Jewelry,Men,Jackets & Coats,Lightweight Jackets,Cotton","Light Blue,Olive,Iron,Chili,Black,Navy,Camel,Ivy,Dark Brown,Cement,Burgundy,Brass,Coral,Ice Blue",2016-05-17T08:26:32Z,London Fog Men's Zip-front Golf Jacket,120.00,USD
AVpe_nHeLJeJML430BGB,"B00GTY55OW,B00GTY5AEM,B00FJGQOG4",The North Face,"Outdoor Recreation,Active & Performance,Men,Jackets & Coats,Clothing, Shoes & Jewelry,Sports,Sports & Outdoors,Clothing","Scallion GreenScallion Green,Valencia OrangeVanadis Grey",2015-12-02T21:17:38Z,The North Face Khumbu Ii Fleece Jacket - Men's,85.0,USD
AVpfrTIc1cnluZ0-pN0i,B007HNDXTS,Invicta,"Watches,Clothing, Shoes & Jewelry,Men,Wrist Watches",Black,2016-03-30T17:21:16Z,Invicta Men's 11194 Specialty Charcoal Leather Watch,120.25,USD
AVpfkFTILJeJML43_gji,B01881DY8W,Pitbull Gym,"Active,Men,Active Hoodies,Clothing, Shoes & Jewelry,Clothing","Heather Grey,Vintage Royal,Vintage Black,Heather White",2015-12-25T02:23:10Z,Men's Sleeveless Tri-blend Pullover Hoodie,29.95,USD
AVpfgzeIilAPnD_xdE8q,B00K77HEQY,Nike,"Clothing,Shoes,Men's Shoes,All Men's Shoes",Blue,2015-04-23T11:00:14Z,Nike Flyknit Lunar 2 Running Men's Shoes Size,116.32,USD
AVpfTMS51cnluZ0-iHf4,"B00A2B0W8M,B00A2B0Y4O,B0096F7FJY,B00A2B0XRC",Berne,"Clothing,Men,Men's Jackets & Outerwear,Active,Active Sweatshirts,Clothing, Shoes & Jewelry",Yellow,2015-10-20T18:18:05Z,Berne Hi-visibility Lined Hooded Sweatshirt  Size L Tall (yellow),59.99,USD
AVpfiZFlLJeJML43--5P,B01CS4W6FC,Inked Creatively,"Novelty,Hoodies,Men,Novelty & More,Clothing, Shoes & Jewelry,Clothing","Royal,Black,Navy",2016-11-22T18:09:56Z,Dionne By Day Gamer By Night - Hoodie,39.99,USD
AVpf2pbD1cnluZ0-sfVY,B009PRW1GA,Red Rhino Sports,"All Men's Clothing,Men's Activewear,Men's Clothing,Clothing, Shoes & Jewelry,Clothing",Blue,2016-05-20T15:47:34Z,Wanna Puck Hockey T-shirt,14.99,USD
AVpfwdgLLJeJML43DK34,B00E6EXFV2,Go All Out Screenprinting,"Novelty,Hoodies,Novelty & More,Men,Clothing, Shoes & Jewelry,Clothing","Royal Blue,Chocolate,Orange,Red,Gold,Purple,Safety Green,Irish Green,Navy Blue,Oxford,Maroon,Black,Forest Green",2015-11-29T23:09:49Z,Adult Give Me A Minute 419 420 Funny Marijuana Sweatshirt Hoodie,25.95,USD
AVpficOm1cnluZ0-miRn,B008EWQ6M2,Timberland,"Shoes,Clothing, Shoes & Jewelry,Men,Loafers & Slip-Ons,Boat Shoes",Burgundy Pull Up,2017-01-05T19:19:37Z,Authentics 3 Eye Classic Lug,94.95,USD
AVpe9CNu1cnluZ0-aoDs,"B019XZGK6K,B00BRC4NQW",Oofos,"Shoes,Shoes & Handbags,Men,Women,Sandals,Clothing, Shoes & Jewelry,Slides","Navy,Black,Steel",2016-01-17T16:48:03Z,Oofos Unisex Ooahh Slide Sandal,39.95,USD
AVpfgTSk1cnluZ0-l7Sj,"B004SFAFH6,B010NSMTMU,B00ZS6PN08",Nike,"Clothing,Clothing, Shoes & Jewelry,Men,Shoes,Fashion Sneakers",Crimson  Black,2015-10-14T02:57:43Z,Nike Air Force 1 Elite Txt Mens Sneakers 725144-600,89.0,USD
AVpfeZ1JLJeJML43914L,"B00MLYVXIQ,B002H39FJ0,B00MLYVVQU",Jordan,"Clothing,Clothing, Shoes & Jewelry,Men,Shoes,Athletic,Team Sports,Basketball","SPORT BLUEBLACK-COOL GREY,BlackOrangeGrey,Sport BlueBlackCool Grey,Wolf GreyInfrared ,Silver,BlackGrayPink,GreyWhite,blkelectric orange-wolf grypink,Black",2016-04-05T18:28:12Z,Jordan Air Nike Flight Remix Men's Basketball Sneakers Shoes,49.99,USD
AVpf0QmQLJeJML43ERLe,B00TVHZB8Y,Alpinestars,"All ATV Accessories,Auto & Tires,Men's Casual Shoes,ATV,Shoes,Motorcycle and ATV,Men's Shoes,Clothing",White,2017-01-08T19:35:00Z,Alpinestars 100 Running Mens Casual Shoes White/black/red,99.53,USD
AVpfZa621cnluZ0-kDmD,"B0002TW2IW,B0006LJ5KO",Gold Toe,"Clothing,Clothing & Accessories,Men,Active,Socks,Shops,Athletic Socks,Clothing, Shoes & Jewelry","White,Black",2015-12-02T00:29:25Z,Gold Toe Men's Cotton Quarter Athletic Sock Six-pack,16.24,USD
AVpfyyEsilAPnD_xiYvv,"B016B69JY4,B016ZLL3G2",Jack Adams,"Clothing,Clothing, Shoes & Jewelry,Men,Active,Athletic Supporters","GreyNavy,RedBlack,RoyalGrey",2016-05-20T15:44:14Z,Men's Athletic 2.0 Jockstrap,14.84,USD
AVpfHj4lilAPnD_xVU06,"B00U18D24W,B00TXHGS66,B00TXHGNPW,B004KZSVIE",Troy Lee Designs,"Casual,Men,Clothing, Shoes & Jewelry,Pants,Sports,Clothing","Red,Cyan Blue,Grey",2015-10-14T02:47:01Z,Troy Lee Designs Dawn 2015 Sprint Mtb Pant,39.55,USD
AVpfibX_1cnluZ0-mh-j,"B00ODDHX8C,B00ODDHC9W,B00ODDHFNK,B00TDJBHY2,B00ODDH634,B00ODDHUG2",Wilson,"Athletic,Tennis,Men,Shoes,Clothing, Shoes & Jewelry,Racquet Sports","WhiteSolar LimeBlack,CoalWilson RedBlack",2015-12-02T01:03:01Z,Men's Rush Evo Tennis Shoe,59.95,USD
AVpf5dxXLJeJML43Fp_0,B017CCL6T2,RBX,"Clothing,Clothing, Shoes & Jewelry,Novelty & More,Novelty,Men,Socks","Dunk-Ball,BKLYN-Ball,Gate-Ball,Lightning-Ball,Rim-Ball,Textured-Ball",2015-12-02T02:26:07Z,Rbx Mens Graphic Crew Socks (below The Knee) Photoreal Sublimated Sports Theme Images,8.99,USD
AVpfE5hU1cnluZ0-dY6H,B01487XQJM,Invicta,"Jewelry,Watches,Men's Watches,Clothing, Shoes & Jewelry,Men,Wrist Watches",Black,2016-01-18T11:48:58Z,Invicta 21449 Men's Pro Diver Black Polyurethane and Dial Watch,159.99,USD
AVpfi4vZ1cnluZ0-mq-M,B0149XKL1G,ST34,"Bow Ties,Accessories,Men,Bow Ties & Cummerbunds,Clothing, Shoes & Jewelry,Clothing",BB- Multi-color Check,2016-02-02T05:29:09Z,"St34 Brand New Fashion Plaid Tuxedo Adjustable Bow Tie For Mens (4.6x 2.3"")-various Colors""",6.94,USD
AVpfjHCk1cnluZ0-mvc2,B001GEESQG,TourMaster,"All Men's Clothing,Men's Clothing,Men's Outerwear,Clothing, Shoes & Jewelry,Clothing",Black,2015-09-20T18:33:40Z,Tourmaster Intake Air Glove Red Size:x-small,51.99,USD
AVpfbz7n1cnluZ0-ks8V,B00406OPHO,Genuine Grip,"Men,Uniforms, Work & Safety,Medical,Clothing, Shoes & Jewelry,Clothing",Black,2016-03-11T18:34:19Z,Genuine Grip Men's Oxford Work Shoe,50.88,USD
AVpfoM3xilAPnD_xfT9t,B0019K9WDQ,Citizen,"Watches,Clothing, Shoes & Jewelry,Men,Wrist Watches",Black,2016-04-12T09:25:33Z,Eco Drive Wr100 Sport Mens Watch,119.25,USD
AVpfISAlilAPnD_xVkZF,B00DF73W1O,Gucci,"Shop His, All Men's,Sunglasses,Walmart Vision Centers,Shop His, Top Rated,Shop by Frame Shape, Wrap,Shop His, Featured,Health,Shop His, New,Shop Brand, Gucci,Shop by Frame Shape, Rimless,Shop Brands, Gucci,Shop by Frame Shape, Oval,Health & Personal Care,Vision Care,Shoes,Reading Glasses",WhiteGold,2015-10-29T12:59:09Z,Gucci Gg 2820/f/s Bqb/ed White Gold/brown Women's Rimless Sunglasses W/ Crystals,395.0,USD
AVpe5BV5LJeJML43xoBb,"B0053B3IZA,B003MC3E4C",Thorogood,"Men,Shoes,Clothing, Shoes & Jewelry,Boots",Black,2014-11-12T15:44:14Z,Thorogood Men's Deuce 6 Inch Boot,93.99,USD
AVpfqPnp1cnluZ0-o5NS,"B00RM21IYG,B005V2PI5E,B00R7XHC0E",Nike,"Shoes,Clothing, Shoes & Jewelry,Men,Athletic,Running",Black-Blue,2016-03-30T17:20:54Z,Nike Men's Air Max 90 Ltr Running Shoe,91.92,USD
AVpfqRz9LJeJML43BXEp,"B001AQH7CW,B0015XR30Q",Vans,"Athletic,Skateboarding,Men,Shoes,Clothing, Shoes & Jewelry","Slv SconceStripe Dnm,Grey",2016-03-10T17:13:01Z,Vans Men's Old Skool (c&l) Skate Shoe,40.94,USD
AVpfXS06ilAPnD_xacKY,B00RCJXXD8,Ferrari,"Watches,Clothing, Shoes & Jewelry,Men,Wrist Watches",Black,2016-04-14T17:32:27Z,Men's Scuderia Xx Chronograph Watch,167.23,USD
AVpe9MOJLJeJML43zKIH,B00Q40HUX0,Nike,"Clothing,Shoes,Men's Shoes,All Men's Shoes",Wolf GreyHyper PinkBlackBlk,2015-09-20T18:45:58Z,Nike Men's Mercurial Victory V Ic Indoor Soccer Shoe,64.98,USD
AVpfa12K1cnluZ0-kcI0,"B00AKYVI4S,B00ITHR4AU",adidas,"sports,Clothing, Shoes & Jewelry,Men,Clothing,Active,Active Pants",BlackWhite,2015-03-18T09:48:17Z,Adidas Golf Men's Climalite 3-stripes Tech Pant,70.0,USD
AVpfdq6QLJeJML439pNI,B00DQV4EF2,Wolverine,"Shoes,Clothing, Shoes & Jewelry,Men,Uniforms, Work & Safety,Industrial & Construction","Dark Brown,Brown,Black,Light Brown",2015-11-07T10:27:11Z,Men's Cabor Waterproof 6-inch Work Boot,66.59,USD
AVpfi5jgLJeJML43_I03,B00U4BY2JK,Jordan,"All Men's Shoes,Shoes,Men's Shoes,Clothing","TealBlackInfrared White,TealBlackInfrared-White",2015-04-23T10:54:59Z,Jordan 1 Retro High Basketball Men's Shoes Size,94.99,USD
AVpfbDUh1cnluZ0-kfzd,"B002JF14D6,B002JF39NE",Nike,"Novelty,Hoodies,Men,Novelty & More,Clothing, Shoes & Jewelry,Clothing",GAME ROYALBLACK,2016-03-08T20:25:56Z,Nike Mens Aw77 Fleece Fz Hooded Sweatshirt,59.05,USD
AVpfDeYV1cnluZ0-c41C,B007QWJ8CQ,NIXON,"Watches,Clothing, Shoes & Jewelry,Men,Wrist Watches",Multi-Color,2015-11-09T01:31:02Z,Nixon Quad Black Gray Red Dual Black Nylon Mens Watch A344-1167,125.0,USD
AVpf5JMcLJeJML43FlBp,B00YAVSYNA,Bulova,"Watches,Clothing, Shoes & Jewelry,Men,Wrist Watches",SilverBlack,2016-04-02T14:41:21Z,Bulova Men's 'sport' Quartz Stainless Steel Casual Watch (model: 96n104),149.50,USD
AVpfOm6yilAPnD_xXp_K,"B00UJ66LN0,B00UJ67FSU",Bealls,"Novelty,Novelty & More,Men,Shorts,Clothing, Shoes & Jewelry,Clothing","Bungee Cord Green,Blue,Black,Chinchilla Khaki,Fossil Beige",2015-10-14T04:29:56Z,Reel Legends Mens Bonefish Shorts,21.0,USD
AVpfCCVFilAPnD_xTcsQ,B000JKYZL6,Tissot,"Jewelry,Watches,Men's Watches,Other,Men,Wrist Watches,Clothing, Shoes & Jewelry",Beige,2016-01-18T13:13:52Z,Tissot T-classic Automic Mens Watch - T41.5.413.73,369.0,USD
AVpfJAWVilAPnD_xV0S3,"B0098I01PO,B0098I02EY,B0098I01B8",Nike,"Clothing,Shoes,Men's Shoes,All Men's Shoes","PlatinumGreyAnthracite,Pr PltnmPmntCl GryAnthracite,PURE PLATINUMCOOL GREYANTHRACITEPIMENTO,GRAY PIMENTO RED",2015-05-11T13:06:07Z,Nike Flex Experience Run Running Men's Shoes Size,57.93,USD
AVpfc0SyLJeJML439bfb,B0065ACTSU,Seiko,"Watches,Clothing, Shoes & Jewelry,Men,Wrist Watches",White,2016-04-12T09:19:02Z,5 Silver Dial Stainless Steel Mens Watch,165.0,USD
AVpfcu0jilAPnD_xb9SV,B00ATULDRU,Invicta,"Watches,Clothing, Shoes & Jewelry,Men,Wrist Watches",Other,2016-04-15T11:56:03Z,Men's Silver Dial Stainless Steel Speedway Chronograph,107.75,USD
AVpfXmcp1cnluZ0-jhT7,B00B6ZNQKY,SKECHERS,"Men's Casual Shoes,Shoes,Men's Shoes,Clothing",Chocolate,2015-12-02T00:17:49Z,Skechers Mens Leather Relaxed Fit Oxfords,52.99,USD
AVpfqofF1cnluZ0-pAx0,"B00LZZBFM6,B00LZZB1D4,B00LZZBSPK",Dr. Martens,"Men,Shoes,Clothing, Shoes & Jewelry","Grey Flec Wool,Navy,Sand,Olive,Forest,Dark Brown,Old Oxblood,Black",2016-04-21T19:55:06Z,Dr. Martens Men's Delray Oxford,34.99,USD
AVpfqrCkilAPnD_xgBqE,B0178QD3CK,Nike,"Men,Socks,Clothing, Shoes & Jewelry,Clothing","Multi Color,BlackWhite",2016-07-26T18:05:06Z,Nike Nike Sb Crew,25.0,USD
AVpftYUWLJeJML43CR5n,B018W5ZWTS,NEONBLOND,"Novelty,Accessories,Novelty & More,Men,Clothing, Shoes & Jewelry,Clothing,Neckties","Red Xmas Sparkels,Christmas Cookies,Wooden holiday decorations,Christmas Town,Chevron Red Green,Winter Berrys",2015-12-05T22:14:19Z,Necktie Airportcode Xlb Lac Brochet,28.99,USD
AVpf-fG31cnluZ0-uaXV,"B00ENH6KYQ,B00ENH7TI2",Rocky,"Clothing, Shoes & Jewelry,Clothing,Men's Clothing,Men's Activewear,All Men's Clothing",Realtree APXtra,2016-03-30T00:00:48Z,Rocky Men's Silent Hunter Rain Pant Hw00047,109.95,USD
AVpfhYYLilAPnD_xdP0h,"B00HGQ0C2C,B00GXSDJGU,B00HYJ90HO,B01773US40,B00FY369WQ",Jordan,"clothing,Active,Men,Athletic Socks,Clothing, Shoes & Jewelry","White,Black,Multi-color",2014-11-12T16:06:21Z,Nike Air Jordan Dri Fit Crew Socks (3 Pack),7.62,USD
AVpfnheNilAPnD_xfGnF,B00BKQT73Y,Daniel Wellington,"Men,Wrist Watches,Watches,Clothing, Shoes & Jewelry",Other,2016-04-20T04:03:11Z,Men's Classic Oxford White Dial Blue & Red Nylon Strap,122.0,USD
AVpffPERLJeJML43-Es7,"B00JUW4I7K,B00JUWQ6PM,B00JUWPZHW,B00JUWQ8BE,B00JUW4JXS",Dr. Zen,"Shoes,Clothing, Shoes & Jewelry,Men,Athletic,Racquet Sports,Tennis","White,Black",2015-09-20T21:11:30Z,Dr Zen Sport 2 Women's Therapeutic Diabetic Extra Depth Shoe Leather Lace,119.95,USD
AVpfbD8vilAPnD_xbgz6,B014GT03HK,SKECHERS,"Shoes,Clothing, Shoes & Jewelry,Men,Oxfords,Clothing,Men's Shoes,All Men's Shoes",Black,2016-04-02T14:45:42Z,Skechers Sport Men's Skech Air Supreme Training Shoe,84.95,USD
AVpfHaT6LJeJML432t26,B00R54ZOZ0,Nike,"Athletic,Shoes,Men's Shoes,Clothing,All Men's Shoes","Black,Color OBLACKBLACKANTHRACITEn Box,Black  White-Black,Navy,blackblackanthracite",2015-10-14T03:07:04Z,Nike Men's Air Max Tavas Black/anthracite/black Running Shoe (size 10) By Nike,95.9,USD
AVpe_gm21cnluZ0-bgTK,B001AS1UMS,Ariat,"Shoes,Sports & Outdoors,Equestrian Sports,Shoes & Handbags,Men,Boots","EarthBrown Bomber,Wicker,Earth,Brown Bomber,Brown",2015-11-16T03:28:13Z,Youth Boys Size 2 Brown Full-grain Leather Western Boots,159.95,USD
AVpf-SpiilAPnD_xlWJC,B0071NG98G,Hi-Tec,"Men,Shoes,Outdoor,Clothing, Shoes & Jewelry,Snow Boots","Dark Chocolate,BlackDark Grey",2016-03-10T17:22:56Z,Hi-tec Men's Ozark 200 I Wp Snow Boot,69.99,USD
AVpfndgC1cnluZ0-oE_U,"B01CT9MVCO,B01CRADJIA,B0143IS3AI,B00X8QIZBE,B00X8QK1M0",Nike,"Athletic,Fitness & Cross-Training,Men,Shoes,Clothing, Shoes & Jewelry","Gym RedWhiteBlack,Team CrimsonWhite-Black,Navy,Midnight NavyWhite-Black,BlackCool GreyWhite,Midnight NavyWhiteBlack,Midnight Navy",2016-03-27T18:08:07Z,Nike Mens Free Trainer 5.0 V6 Training Shoes,82.47,USD
AVpffiusilAPnD_xctcx,"B00TZRIARY,B00TZRI75O",Hugo by Hugo Boss,"Shoes,Clothing, Shoes & Jewelry,Men,Loafers & Slip-Ons",Black,2015-12-02T00:41:27Z,Hugo By Hugo Boss Men's C-hulof Slip-on Loafer,142.5,USD
AVpfpwRl1cnluZ0-owQP,"B00CDL87YK,B00CDL85X8,B00CDL87JU",Ray-Ban,"Accessories,Sunglasses,Men,Contemporary & Designer,Clothing, Shoes & Jewelry,Sunglasses & Eyewear Accessories,Clothing","Dark Carbon Green,Dark Carbon Brown",2015-07-19T21:40:40Z,Ray-ban Mens 0rb8314 127/8163 Polarized Tech Carbon Fiber Rectangle Sunglasses,215.0,USD
AVpfM8R7LJeJML434jcP,B00LV572BI,Pulsar,"Men,Wrist Watches,Watches,Clothing, Shoes & Jewelry,Jewelry & Watches,Wristwatches",Silver,2015-09-22T18:34:16Z,Pulsar Men's Pw6013 Stainless Steel Analog & Digital Chronograph Watch Nwt Nbzb6,155.0,USD
AVpf_4wRLJeJML43HOU9,B01C7LIVV4,AM T-Shirts,"Men,Novelty & More,Clothing, Shoes & Jewelry,Exotic Apparel,Clothing","Ash,Irish Green,Black,White",2016-03-03T09:31:58Z,You Must Be Irish Cause My Penis Is Dublin Irish T-shirt White Men's Tee (6.1oz),19.0,USD
AVpfhCpGilAPnD_xdJSU,B007HNPXCI,Stuhrling Original,"Watches,Clothing, Shoes & Jewelry,Men,Wrist Watches",Silver,2016-04-12T09:34:23Z,Stuhrling Original Men's Winchester Decorum -,172.5,USD
AVpfdSGmilAPnD_xcGJE,"B00L9BUB6C,B00L9BUCRA",Apis Footwear,"Shoes,Clothing, Shoes & Jewelry,Men,Athletic,Racquet Sports,Tennis",White and Beige,2015-11-11T04:52:40Z,Apis Mt. Emey 9702 Men's Therapeutic Extra Depth Shoe Leather-and-mesh Velcro,134.95,USD
AVpfq2BP1cnluZ0-pE6i,B00J2I0PHY,Nixon,"Watches,Clothing, Shoes & Jewelry,Men,Surf, Skate & Street,Wrist Watches",Gold,2016-04-12T09:38:36Z,Time Teller Analog Green Dial Men's Watch,85.0,USD
AVpf95zOilAPnD_xlQBM,B0048GUT6W,BURBERRY,"Clothing,Clothing, Shoes & Jewelry,Men,Accessories,Sunglasses & Eyewear Accessories,Prescription Eyewear Frames",Shiny Black Frame,2016-03-10T22:21:33Z,Burberry Be1169 Eyeglasses,154.95,USD
AVpf96au1cnluZ0-uRMx,"B00HVM50GE,B00HVM5YGA",The North Face,"Men,Shoes,Clothing, Shoes & Jewelry,Outdoor,Snow Boots","Demitasse BrownTNF Black,Black,BrownBlack",2015-11-09T23:53:38Z,The North Face Men's Verbera Utility Boot,129.83,USD
AVpfcvkTilAPnD_xb9f9,"B00NVM3EMA,B00NVM2Y9Y,B00NVM32WW,B00NVM34N4",The North Face,"Men,Jackets & Coats,Clothing, Shoes & Jewelry,Sports,Clothing,Fleece","Dish Blue,Monster Blue-TNF Black,TNF Red-Asphalt Grey,Monster BlueTNF Black",2015-10-18T20:20:12Z,The North Face Pneumatic Jacket Mens,88.41,USD
AVpfKF3IilAPnD_xWLQe,B00RZL0L1U,INMONARCH,"clothing, shoes & jewelry,Men,Suits & Sport Coats,Tuxedos,Clothing",Black,2015-02-26T11:24:46Z,Inmonarch Mens Black Polyester 4 Pic Tuxedo Suit Tx5055n,300.0,USD
AVpgCLevilAPnD_xmXiQ,"B00P30W1R2,B00ONEJKUK,B00ONEJJVU",Nike,"Shoes,Clothing, Shoes & Jewelry,Men,Athletic,Team Sports,Basketball",BlackWhiteGm RylMtllc Slvr,2016-05-20T14:32:10Z,"Air Max Penny 1 game Royal"" Mens Sneakers 685153-001""",95.0,USD
AVpe4yv91cnluZ0-ZDzk,"B006Y2DHIK,B00CTGVXKE",Suncloud,"shoes,Clothing & Accessories,Men,Accessories,Sunglasses & Eyewear,Sunglasses","Matte Black Frame,Matte Black,Black,BROWN FADE",2014-09-05T11:06:19Z,"Suncloud Pit Stop Polarized Sunglass, Black Frame/gray Polarized Polycarbonate Lens",49.0,USD
AVpe7AAGilAPnD_xQ7qw,"B00OE7USKW,B00N4G8KJU",Nike,"Shoes,Clothing, Shoes & Jewelry,Men,Fashion Sneakers",BlackBlackCool GreyIvory,2015-04-23T10:46:50Z,Nike Men's Air Max 1 Mid Fb Casual Shoe,119.9,USD
AVpf0KDUilAPnD_xixsp,"B00V4CZ5YO,B00EZEYU94,B003DQZBG6",Outdoor Cap,"Hats,Accessories,Bags & Accessories,Clothing,Baseball Caps,Men,Clothing, Shoes & Jewelry,Hats & Caps","Realtree Xtra,Realtree Max",2016-02-05T01:06:41Z,Outdoor Cap Garment-washed Camo Cap,5.13,USD
AVpft19RilAPnD_xg9nT,"B00OSSEY7U,B00OSSFTTC",Maui Jim,"Clothing, Shoes & Accessories,Men's Accessories,Sunglasses & Fashion Eyewear,Sunglasses,See more Maui Jim Sunglasses Red Sands Ht432-10m Matte ...","Maui HT,Grey TortoiseHCL Bronze,Purple FadeMaui Rose,Matte BlackNeutral Grey",2016-06-20T02:08:51Z,Nwt Maui Jim Red Sands Mj432-10m 59/17-140 Polarized Sunglasses,179.95,USD
AVpfXvagilAPnD_xakyk,"B00N2H28YO,B00SBC5VE4,B00LZXE7A0",Dr. Martens,"Men,Motorcycle & Combat,Shoes,Clothing, Shoes & Jewelry,Boots","Navy,Old Oxblood,Charcoal,Olive,Black",2016-05-18T18:36:42Z,Unisex Combs Combat Boot,49.98,USD
AVpfW58f1cnluZ0-jT6I,B01AK3SK9Y,FoxPrint,"Surf, Skate & Street,Active,Men,Clothing, Shoes & Jewelry,Active Shorts,Clothing","Flame Red,Heather Graphite,Black",2016-03-01T17:29:32Z,Fox Men's Warmup Short,34.46,USD
AVpfchaNilAPnD_xb5uy,"B00HQSXF4M,B00HQSW1MY,B00HQSWSCM",Mashed Clothing,"Novelty,Men,Novelty & More,Sweatshirts,Clothing, Shoes & Jewelry,Clothing,sports & outdoors","Red,Pink,Heather Grey,Indigo,White,Beige,Charcoal",2014-11-12T17:03:25Z,Mashed Clothing Cray Cray For Springer Spaniels Adult Sweatshirt,44.99,USD
AVpfh98kLJeJML43-3S7,"B00XZNAOPU,B00XZNHV2E",AvaCostume,"Clothing, Shoes & Jewelry,Men,Accessories,Hats & Caps,Balaclavas",DF,2015-10-13T23:46:10Z,Avacostume Printing Fleeces Bicycle Half Face Mask Scarf Multi Use Neck Warmer,14.99,USD
AVpf0Omw1cnluZ0-rzwO,B00WXVWDAE,Design By Humans,"Clothing, Shoes & Jewelry,Novelty & More,Clothing,Novelty,Men,Hoodies",Black,2016-03-20T18:09:47Z,The Martians Men's Graphic Pullover Hoodie - Design By Humans,48.0,USD
AVpe31AnilAPnD_xPuQm,"B00E9OUGGG,B00E9OVJQC,B00E9OVH8W,B00E9OUNXM,B00E9OV3FO",DVS,"Athletic,Men,Skateboarding,Women,Shoes,Clothing, Shoes & Jewelry","Black Nubuck Deegan,Black Canvas,Black,BlackWhite Nubuck,Black Chambray,Grey Twill",2014-11-12T17:44:43Z,Dvs Gavin Ct Skate Shoe,26.99,USD
AVpfsjtI1cnluZ0-plY7,"B00WDW511G,B013CS6CNU,B006WLVG9U,B004287K5E,B013CS6CMG,B00R8NVKA6",Supra,"Athletic,Skateboarding,Men,Shoes,Clothing, Shoes & Jewelry","Burnt HennaWhite,BlackBlackBlack,Light GreyNavyWhite,BlackBlack - Black,Brown,BrownChocolateWhite,Black SuedeRedGrey,FOREST GREENTANRED-WHITE,Forest GreenTanRedWhite,burgandy patent,Bronze,BrownChocolate - White,Wildlife,Black LeatherOliveBlack,grey tiedye",2015-12-01T01:25:42Z,Supra Bandit Sneaker,68.95,USD
AVpfAzEr1cnluZ0-b9oA,"B00HQT1L1U,B00HQT3NES",Mashed Clothing,"sports & outdoors,Novelty,Novelty & More,Men,Sweatshirts,Clothing, Shoes & Jewelry,Clothing","Black,Indigo,Heather Grey,Beige,Pink,Charcoal,White",2014-10-28T08:17:56Z,Mashed Clothing I Love Uganda Adult Sweatshirt,39.99,USD
AVpft-AQilAPnD_xhACL,B00EVPMBQQ,Seiko,"Watches,Clothing, Shoes & Jewelry,Men,Wrist Watches",Black,2016-03-19T03:42:01Z,5 Automatic Brown Dial Stainless Steel Mens Watch,185.0,USD
AVpfGsTY1cnluZ0-eAGf,B005T0EHE6,Castelli,"Clothing,Clothing, Shoes & Jewelry,Men,Accessories,Hats & Caps,Balaclavas",Black,2015-11-13T12:35:27Z,Castelli Ws Balaclava,49.99,USD
AVpfeIH61cnluZ0-lTTL,"B00L85S8KU,B00L85S90Y,B006CRB6E4,B00L83OYHS",Nike,"Men's Athletic Shoes,Shoes,Men's Shoes,Clothing",VoltPhoto BlueHyper Pink,2015-10-14T02:57:59Z,Nike Lebron Xi Low Gradeschool Kid's Shoes Size,91.29,USD
AVpfGOlWLJeJML432U6p,B00PMNAXUW,Swix,"Sports,Clothing, Shoes & Jewelry,Men,Clothing,Jackets & Coats,Active & Performance,Shells","TangerineBlackGriffin,Griffin,AquaBlackGriffin,BlackBlackWhite,GriffinBlackWhite",2015-10-14T03:05:29Z,Swix Oppdal Softshell Jacket - Men's,170.0,USD
